date,station,CDSD,CLDD,DP01,DP10,DP1X,DSND,DSNW,DT00,DT32,DX32,DX70,DX90,EMNT,EMSD,EMSN,EMXP,EMXT,EVAP,HDSD,HTDD,MN01,MX01,PRCP,SNOW,TAVG,TMAX,TMIN,WDMV
1994-01-01T00:00:00,GHCND:USC00041253,0.0,0.0,4.0,3.0,1.0,0.0,0.0,0.0,4.0,0.0,13.0,0.0,31.0,0.0,0.0,1.03,84.0,2.66,929.0,345.0,39.0,60.0,1.65,0.0,53.9,70.6,37.2,461.1
1994-02-01T00:00:00,GHCND:USC00041253,0.0,0.0,8.0,7.0,4.0,0.0,0.0,0.0,1.0,0.0,7.0,0.0,32.0,0.0,0.0,1.91,78.0,2.81,1288.0,359.0,41.0,62.0,7.52,0.0,52.2,64.9,39.5,768.6
1994-03-01T00:00:00,GHCND:USC00041253,2.0,1.0,5.0,5.0,1.0,0.0,0.0,0.0,0.0,0.0,24.0,0.0,35.0,0.0,0.0,1.64,87.0,4.23,1483.0,195.0,48.0,74.0,2.9,0.0,58.7,72.9,44.6,953.8
1994-04-01T00:00:00,GHCND:USC00041253,4.0,2.0,4.0,3.0,0.0,0.0,0.0,0.0,0.0,0.0,22.0,0.0,40.0,0.0,0.0,0.34,85.0,5.63,1652.0,169.0,50.0,78.0,0.82,0.0,59.4,73.4,45.5,1134.0
1994-05-01T00:00:00,GHCND:USC00041253,19.0,15.0,5.0,3.0,0.0,0.0,0.0,0.0,0.0,0.0,25.0,1.0,42.0,0.0,0.0,0.36,95.0,6.36,1770.0,119.0,54.0,80.0,0.9,0.0,61.7,75.4,47.9,959.4
1994-06-01T00:00:00,GHCND:USC00041253,141.0,122.0,0.0,0.0,0.0,0.0,0.0,0.0,0.0,0.0,30.0,12.0,44.0,0.0,0.0,0.0,104.0,9.37,1788.0,18.0,56.0,90.0,0.0,0.0,68.5,89.2,47.7,857.5
1994-07-01T00:00:00,GHCND:USC00041253,305.0,164.0,0.0,0.0,0.0,0.0,0.0,0.0,0.0,0.0,31.0,13.0,48.0,0.0,0.0,0.0,99.0,8.91,0.0,0.0,58.0,91.0,0.0,0.0,70.3,89.5,51.1,518.8
1994-08-01T00:00:00,GHCND:USC00041253,586.0,281.0,0.0,0.0,0.0,0.0,0.0,0.0,0.0,0.0,31.0,23.0,47.0,0.0,0.0,0.0,109.0,9.13,0.0,0.0,60.0,92.0,0.0,0.0,74.1,95.0,53.1,398.9
1994-09-01T00:00:00,GHCND:USC00041253,731.0,145.0,2.0,0.0,0.0,0.0,0.0,0.0,0.0,0.0,30.0,15.0,43.0,0.0,0.0,0.04,99.0,6.37,6.0,6.0,57.0,85.0,0.06,0.0,69.7,88.9,50.4,347.3
1994-10-01T00:00:00,GHCND:USC00041253,781.0,50.0,2.0,2.0,0.0,0.0,0.0,0.0,0.0,0.0,30.0,3.0,39.0,0.0,0.0,0.65,94.0,4.98,73.0,67.0,51.0,75.0,1.03,0.0,64.4,81.2,47.7,440.6
1994-11-01T00:00:00,GHCND:USC00041253,787.0,6.0,5.0,4.0,0.0,0.0,0.0,0.0,3.0,0.0,9.0,1.0,30.0,0.0,0.0,0.89,90.0,2.95,438.0,366.0,41.0,62.0,1.39,0.0,53.0,67.6,38.4,357.9
1994-12-01T00:00:00,GHCND:USC00041253,787.0,0.0,8.0,2.0,0.0,0.0,0.0,0.0,6.0,0.0,10.0,0.0,27.0,0.0,0.0,0.65,80.0,1.9,829.0,391.0,41.0,58.0,1.02,0.0,52.4,67.0,37.7,172.7
1995-01-01T00:00:00,GHCND:USC00041253,0.0,0.0,18.0,15.0,9.0,0.0,0.0,0.0,0.0,0.0,2.0,0.0,34.0,0.0,0.0,6.25,72.0,1.73,1204.0,375.0,45.0,58.0,25.13,0.0,52.9,60.4,45.4,286.5
1995-02-01T00:00:00,GHCND:USC00041253,19.0,19.0,4.0,3.0,1.0,0.0,0.0,0.0,0.0,0.0,17.0,1.0,38.0,0.0,0.0,1.49,92.0,2.39,1369.0,164.0,48.0,69.0,1.96,0.0,59.8,73.6,46.0,252.3
1995-03-01T00:00:00,GHCND:USC00041253,19.0,0.0,12.0,8.0,4.0,0.0,0.0,0.0,0.0,0.0,14.0,0.0,34.0,0.0,0.0,4.95,79.0,3.31,1636.0,267.0,48.0,69.0,12.34,0.0,56.4,67.6,45.2,973.1
1995-04-01T00:00:00,GHCND:USC00041253,28.0,9.0,2.0,2.0,0.0,0.0,0.0,0.0,0.0,0.0,21.0,0.0,37.0,0.0,0.0,0.36,89.0,5.59,1824.0,187.0,47.0,77.0,0.46,0.0,59.1,74.0,44.2,1217.9
1995-05-01T00:00:00,GHCND:USC00041253,48.0,20.0,6.0,3.0,0.0,0.0,0.0,0.0,0.0,0.0,22.0,2.0,39.0,0.0,0.0,0.77,92.0,5.67,1964.0,140.0,52.0,77.0,1.78,0.0,61.1,73.8,48.5,1232.8
1995-06-01T00:00:00,GHCND:USC00041253,146.0,98.0,3.0,2.0,0.0,0.0,0.0,0.0,0.0,0.0,27.0,9.0,42.0,0.0,0.0,0.27,102.0,7.74,2011.0,47.0,54.0,86.0,0.48,0.0,66.7,83.9,49.5,864.3
1995-07-01T00:00:00,GHCND:USC00041253,377.0,230.0,0.0,0.0,0.0,0.0,0.0,0.0,0.0,0.0,31.0,15.0,42.0,0.0,0.0,0.0,106.0,9.3,0.0,0.0,60.0,92.0,0.0,0.0,72.4,91.9,53.0,706.5
1995-08-01T00:00:00,GHCND:USC00041253,622.0,245.0,0.0,0.0,0.0,0.0,0.0,0.0,0.0,0.0,31.0,28.0,46.0,0.0,0.0,0.0,102.0,9.15,0.0,0.0,59.0,91.0,0.0,0.0,72.9,94.6,51.3,867.4
1995-09-01T00:00:00,GHCND:USC00041253,802.0,180.0,0.0,0.0,0.0,0.0,0.0,0.0,0.0,0.0,30.0,21.0,45.0,0.0,0.0,0.0,103.0,6.67,4.0,4.0,56.0,86.0,0.0,0.0,70.8,90.9,50.8,799.7
1995-10-01T00:00:00,GHCND:USC00041253,888.0,86.0,0.0,0.0,0.0,0.0,0.0,0.0,0.0,0.0,31.0,9.0,37.0,0.0,0.0,0.0,100.0,5.17,26.0,21.0,53.0,78.0,0.0,0.0,67.1,86.4,47.7,767.4
1995-11-01T00:00:00,GHCND:USC00041253,906.0,18.0,4.0,1.0,0.0,0.0,0.0,0.0,0.0,0.0,29.0,0.0,38.0,0.0,0.0,0.25,89.0,3.3,104.0,78.0,,,0.3,0.0,63.0,80.0,46.0,685.4
1995-12-01T00:00:00,GHCND:USC00041253,906.0,0.0,6.0,2.0,0.0,0.0,0.0,0.0,1.0,0.0,14.0,0.0,29.0,0.0,0.0,0.57,84.0,2.34,406.0,302.0,43.0,61.0,1.35,0.0,55.3,69.4,41.1,1209.2
1996-01-01T00:00:00,GHCND:USC00041253,0.0,0.0,,,,,,0.0,2.0,0.0,14.0,0.0,29.0,,,,85.0,2.54,717.0,311.0,42.0,66.0,,,54.6,69.1,40.1,1029.0
1996-02-01T00:00:00,GHCND:USC00041253,10.0,10.0,,,,,,0.0,3.0,0.0,12.0,0.0,32.0,,,,89.0,2.34,961.0,244.0,47.0,65.0,,,56.9,68.0,45.8,915.9
1996-03-01T00:00:00,GHCND:USC00041253,13.0,3.0,,,,,,0.0,0.0,0.0,23.0,0.0,35.0,,,,84.0,4.2,1177.0,216.0,46.0,72.0,,,57.9,72.3,43.4,1052.6
1996-04-01T00:00:00,GHCND:USC00041253,65.0,52.0,,,,,,0.0,0.0,0.0,28.0,6.0,37.0,,,,102.0,7.24,1291.0,114.0,49.0,80.0,,,62.9,80.3,45.6,1377.6
1996-05-01T00:00:00,GHCND:USC00041253,137.0,72.0,,,,,,0.0,0.0,0.0,31.0,6.0,40.0,,,,101.0,9.22,1339.0,48.0,54.0,83.0,,,65.8,83.9,47.6,1537.3
1996-06-01T00:00:00,GHCND:USC00041253,255.0,118.0,0.0,0.0,0.0,0.0,0.0,0.0,0.0,0.0,30.0,12.0,42.0,0.0,0.0,0.0,105.0,8.84,1360.0,22.0,55.0,88.0,0.0,0.0,68.2,87.6,48.8,1088.0
1996-07-01T00:00:00,GHCND:USC00041253,544.0,289.0,1.0,0.0,0.0,0.0,0.0,0.0,0.0,0.0,31.0,29.0,48.0,0.0,0.0,0.02,107.0,10.58,0.0,0.0,60.0,92.0,0.02,0.0,74.8,96.4,53.3,1002.9
1996-08-01T00:00:00,GHCND:USC00041253,848.0,304.0,0.0,0.0,0.0,0.0,0.0,0.0,0.0,0.0,31.0,23.0,46.0,0.0,0.0,0.0,109.0,9.64,0.0,0.0,59.0,91.0,0.0,0.0,74.8,96.2,53.4,1060.7
1996-09-01T00:00:00,GHCND:USC00041253,1003.0,155.0,0.0,0.0,0.0,0.0,0.0,0.0,0.0,0.0,30.0,14.0,45.0,0.0,0.0,0.0,102.0,7.33,0.0,0.0,55.0,85.0,0.0,0.0,70.2,89.7,50.6,1057.0
1996-10-01T00:00:00,GHCND:USC00041253,1106.0,102.0,3.0,1.0,1.0,0.0,0.0,0.0,0.0,0.0,28.0,9.0,38.0,0.0,0.0,4.09,108.0,6.12,93.0,93.0,49.0,76.0,4.15,0.0,65.3,84.4,46.2,1285.0
1996-11-01T00:00:00,GHCND:USC00041253,1117.0,11.0,5.0,3.0,1.0,0.0,0.0,0.0,0.0,0.0,17.0,1.0,33.0,0.0,0.0,1.4,91.0,3.51,301.0,208.0,46.0,65.0,2.42,0.0,58.4,72.8,44.0,993.6
1996-12-01T00:00:00,GHCND:USC00041253,1117.0,0.0,10.0,8.0,2.0,0.0,0.0,0.0,2.0,0.0,10.0,0.0,29.0,0.0,0.0,1.32,73.0,1.7,649.0,348.0,42.0,58.0,4.3,0.0,53.8,66.6,41.0,1020.9
1997-01-01T00:00:00,GHCND:USC00041253,0.0,0.0,15.0,12.0,0.0,0.0,0.0,0.0,2.0,0.0,6.0,0.0,30.0,0.0,0.0,0.72,79.0,1.59,1003.0,353.0,44.0,59.0,4.39,0.0,53.6,64.7,42.5,922.1
1997-02-01T00:00:00,GHCND:USC00041253,0.0,0.0,3.0,1.0,0.0,0.0,0.0,0.0,2.0,0.0,12.0,0.0,30.0,0.0,0.0,0.1,78.0,2.92,1295.0,293.0,41.0,64.0,0.18,0.0,54.5,70.2,38.8,1150.2
1997-03-01T00:00:00,GHCND:USC00041253,15.0,15.0,1.0,0.0,0.0,0.0,0.0,0.0,0.0,0.0,27.0,3.0,33.0,0.0,0.0,0.02,93.0,4.96,1467.0,171.0,,,0.02,0.0,60.0,78.2,41.7,1024.6
1997-04-01T00:00:00,GHCND:USC00041253,46.0,31.0,0.0,0.0,0.0,0.0,0.0,0.0,0.0,0.0,24.0,3.0,34.0,0.0,0.0,0.0,93.0,7.39,1624.0,157.0,47.0,78.0,0.0,0.0,60.8,77.7,43.9,1659.7
1997-05-01T00:00:00,GHCND:USC00041253,197.0,151.0,0.0,0.0,0.0,0.0,0.0,0.0,0.0,0.0,31.0,12.0,38.0,0.0,0.0,0.0,103.0,9.9,1636.0,12.0,54.0,87.0,0.0,0.0,69.5,89.5,49.5,1455.9
1997-06-01T00:00:00,GHCND:USC00041253,298.0,100.0,0.0,0.0,0.0,0.0,0.0,0.0,0.0,0.0,30.0,8.0,44.0,0.0,0.0,0.0,97.0,9.2,1648.0,12.0,55.0,87.0,0.0,0.0,67.9,85.9,50.0,1460.2
1997-07-01T00:00:00,GHCND:USC00041253,476.0,178.0,1.0,0.0,0.0,0.0,0.0,0.0,0.0,0.0,31.0,18.0,45.0,0.0,0.0,0.05,101.0,9.21,2.0,2.0,57.0,89.0,0.05,0.0,70.7,89.3,52.1,1214.2
1997-08-01T00:00:00,GHCND:USC00041253,767.0,290.0,0.0,0.0,0.0,0.0,0.0,0.0,0.0,0.0,31.0,24.0,49.0,0.0,0.0,0.0,112.0,9.33,2.0,0.0,60.0,90.0,0.0,0.0,74.4,93.7,55.0,1173.1
1997-09-01T00:00:00,GHCND:USC00041253,1064.0,297.0,2.0,1.0,0.0,0.0,0.0,0.0,0.0,0.0,30.0,23.0,46.0,0.0,0.0,0.15,103.0,7.44,2.0,0.0,59.0,86.0,0.18,0.0,74.9,94.2,55.6,984.3
1997-10-01T00:00:00,GHCND:USC00041253,1163.0,99.0,0.0,0.0,0.0,0.0,0.0,0.0,0.0,0.0,31.0,12.0,39.0,0.0,0.0,0.0,100.0,6.01,66.0,64.0,49.0,76.0,0.0,0.0,66.1,84.7,47.6,1137.7
1997-11-01T00:00:00,GHCND:USC00041253,1215.0,52.0,9.0,7.0,1.0,0.0,0.0,0.0,0.0,0.0,19.0,4.0,38.0,0.0,0.0,1.43,100.0,3.03,248.0,182.0,46.0,66.0,3.99,0.0,60.7,75.4,46.0,960.0
1997-12-01T00:00:00,GHCND:USC00041253,1215.0,0.0,7.0,5.0,2.0,0.0,0.0,0.0,6.0,0.0,4.0,0.0,28.0,0.0,0.0,7.08,80.0,2.01,670.0,422.0,38.0,55.0,10.11,0.0,51.4,64.3,38.5,1060.1
1998-01-01T00:00:00,GHCND:USC00041253,0.0,0.0,13.0,11.0,2.0,0.0,0.0,0.0,2.0,0.0,5.0,0.0,31.0,0.0,0.0,1.84,75.0,1.99,1042.0,372.0,42.0,58.0,6.09,0.0,53.0,64.6,41.4,973.7
1998-02-01T00:00:00,GHCND:USC00041253,0.0,0.0,20.0,15.0,6.0,0.0,0.0,0.0,0.0,0.0,0.0,0.0,33.0,0.0,0.0,6.63,67.0,2.88,1423.0,380.0,41.0,58.0,23.31,0.0,51.4,60.7,42.1,1281.9
1998-03-01T00:00:00,GHCND:USC00041253,2.0,2.0,9.0,6.0,1.0,0.0,0.0,0.0,0.0,0.0,17.0,0.0,33.0,0.0,0.0,1.78,83.0,3.9,1674.0,251.0,46.0,68.0,3.41,0.0,57.0,69.3,44.6,760.6
1998-04-01T00:00:00,GHCND:USC00041253,10.0,8.0,12.0,5.0,1.0,0.0,0.0,0.0,0.0,0.0,14.0,1.0,35.0,0.0,0.0,1.11,91.0,4.97,1959.0,285.0,44.0,71.0,2.91,0.0,55.8,69.7,41.8,720.8
1998-05-01T00:00:00,GHCND:USC00041253,10.0,0.0,9.0,8.0,1.0,0.0,0.0,0.0,0.0,0.0,19.0,0.0,40.0,0.0,0.0,1.05,79.0,5.43,2161.0,202.0,50.0,74.0,3.36,0.0,58.5,70.3,46.7,812.1
1998-06-01T00:00:00,GHCND:USC00041253,53.0,42.0,1.0,0.0,0.0,0.0,0.0,0.0,0.0,0.0,28.0,0.0,42.0,0.0,0.0,0.03,89.0,6.3,2216.0,55.0,55.0,81.0,0.03,0.0,64.6,78.3,50.8,614.5
1998-07-01T00:00:00,GHCND:USC00041253,277.0,224.0,0.0,0.0,0.0,0.0,0.0,0.0,0.0,0.0,31.0,17.0,49.0,0.0,0.0,0.0,106.0,8.77,1.0,1.0,59.0,90.0,0.0,0.0,72.2,90.8,53.5,456.7
1998-08-01T00:00:00,GHCND:USC00041253,607.0,330.0,0.0,0.0,0.0,0.0,0.0,0.0,0.0,0.0,31.0,23.0,49.0,0.0,0.0,0.0,109.0,9.41,1.0,0.0,59.0,91.0,0.0,0.0,75.6,96.3,54.9,463.5
1998-09-01T00:00:00,GHCND:USC00041253,773.0,166.0,2.0,1.0,0.0,0.0,0.0,0.0,0.0,0.0,30.0,11.0,45.0,0.0,0.0,0.37,107.0,5.92,25.0,24.0,56.0,82.0,0.46,0.0,69.8,86.2,53.3,509.5
1998-10-01T00:00:00,GHCND:USC00041253,788.0,15.0,1.0,1.0,0.0,,0.0,0.0,0.0,0.0,31.0,2.0,36.0,,0.0,0.12,91.0,5.09,110.0,85.0,47.0,73.0,0.12,0.0,62.8,80.9,44.6,459.8
1998-11-01T00:00:00,GHCND:USC00041253,788.0,0.0,5.0,2.0,0.0,0.0,0.0,0.0,0.0,0.0,20.0,0.0,33.0,0.0,0.0,0.93,80.0,2.96,381.0,271.0,41.0,61.0,1.38,0.0,56.0,71.5,40.5,288.3
1998-12-01T00:00:00,GHCND:USC00041253,788.0,0.0,6.0,3.0,0.0,0.0,0.0,0.0,11.0,0.0,12.0,0.0,19.0,0.0,0.0,0.74,85.0,2.06,837.0,456.0,,54.0,1.31,0.0,50.3,67.1,33.5,295.2
1999-01-01T00:00:00,GHCND:USC00041253,0.0,0.0,7.0,7.0,1.0,0.0,0.0,0.0,4.0,0.0,17.0,0.0,27.0,0.0,0.0,1.62,81.0,2.44,1187.0,349.0,39.0,57.0,3.19,0.0,53.7,69.3,38.1,231.8
1999-02-01T00:00:00,GHCND:USC00041253,0.0,0.0,9.0,2.0,0.0,0.0,0.0,0.0,5.0,0.0,11.0,0.0,28.0,0.0,0.0,0.73,78.0,2.72,1550.0,363.0,40.0,60.0,1.54,0.0,52.0,66.7,37.3,469.1
1999-03-01T00:00:00,GHCND:USC00041253,0.0,0.0,10.0,10.0,2.0,0.0,0.0,0.0,3.0,0.0,9.0,0.0,27.0,0.0,0.0,1.3,80.0,4.16,1952.0,401.0,42.0,65.0,5.71,0.0,52.1,65.9,38.2,687.2
1999-04-01T00:00:00,GHCND:USC00041253,21.0,21.0,7.0,5.0,1.0,0.0,0.0,0.0,1.0,0.0,12.0,1.0,30.0,0.0,0.0,1.77,90.0,5.52,2268.0,316.0,44.0,70.0,3.23,0.0,55.2,68.4,41.9,822.7
1999-05-01T00:00:00,GHCND:USC00041253,28.0,7.0,1.0,0.0,0.0,0.0,0.0,0.0,0.0,0.0,24.0,0.0,39.0,0.0,0.0,0.02,85.0,7.55,2427.0,159.0,49.0,79.0,0.02,0.0,60.1,74.9,45.3,847.6
1999-06-01T00:00:00,GHCND:USC00041253,89.0,61.0,1.0,0.0,0.0,0.0,0.0,0.0,0.0,0.0,27.0,5.0,43.0,0.0,0.0,0.07,95.0,8.16,2485.0,59.0,53.0,84.0,0.07,0.0,65.1,81.9,48.3,735.1
1999-07-01T00:00:00,GHCND:USC00041253,292.0,203.0,1.0,0.0,0.0,0.0,0.0,0.0,0.0,0.0,31.0,13.0,47.0,0.0,0.0,0.05,105.0,9.35,0.0,0.0,58.0,89.0,0.05,0.0,71.6,89.7,53.4,654.9
1999-08-01T00:00:00,GHCND:USC00041253,456.0,164.0,1.0,0.0,0.0,0.0,0.0,0.0,0.0,0.0,31.0,14.0,45.0,0.0,0.0,0.02,103.0,8.43,0.0,0.0,56.0,85.0,0.02,0.0,70.3,89.4,51.1,533.8
1999-09-01T00:00:00,GHCND:USC00041253,573.0,117.0,1.0,0.0,0.0,0.0,0.0,0.0,0.0,0.0,30.0,8.0,45.0,0.0,0.0,0.03,103.0,6.56,8.0,8.0,54.0,82.0,0.03,0.0,68.6,86.7,50.5,362.3
1999-10-01T00:00:00,GHCND:USC00041253,695.0,121.0,0.0,0.0,0.0,0.0,0.0,0.0,0.0,0.0,31.0,14.0,41.0,0.0,0.0,0.0,102.0,6.14,20.0,11.0,50.0,76.0,0.0,0.0,68.5,89.2,47.8,376.6
1999-11-01T00:00:00,GHCND:USC00041253,764.0,69.0,3.0,2.0,1.0,0.0,0.0,0.0,0.0,0.0,21.0,2.0,33.0,0.0,0.0,1.37,95.0,3.11,112.0,92.0,44.0,65.0,1.62,0.0,64.3,75.6,52.9,558.0
1999-12-01T00:00:00,GHCND:USC00041253,764.0,0.0,0.0,0.0,0.0,0.0,0.0,0.0,3.0,0.0,23.0,0.0,32.0,0.0,0.0,0.0,84.0,3.05,398.0,286.0,37.0,56.0,0.0,0.0,55.8,73.2,38.3,430.6
2000-01-01T00:00:00,GHCND:USC00041253,0.0,0.0,12.0,4.0,0.0,0.0,0.0,0.0,2.0,0.0,11.0,0.0,28.0,0.0,0.0,0.87,80.0,2.29,741.0,342.0,40.0,56.0,1.94,0.0,54.0,67.2,40.7,476.0
2000-02-01T00:00:00,GHCND:USC00041253,0.0,0.0,17.0,15.0,3.0,0.0,0.0,0.0,0.0,0.0,6.0,0.0,36.0,0.0,0.0,2.2,78.0,2.63,1036.0,295.0,43.0,60.0,10.37,0.0,54.5,64.1,45.0,326.8
2000-03-01T00:00:00,GHCND:USC00041253,0.0,0.0,5.0,5.0,0.0,0.0,0.0,0.0,0.0,0.0,17.0,0.0,36.0,0.0,0.0,0.96,84.0,4.19,1322.0,286.0,42.0,67.0,2.76,0.0,55.8,69.4,42.1,413.8
2000-04-01T00:00:00,GHCND:USC00041253,14.0,14.0,4.0,3.0,2.0,0.0,0.0,0.0,0.0,0.0,24.0,2.0,40.0,0.0,0.0,2.47,90.0,5.31,1454.0,131.0,47.0,73.0,4.73,0.0,61.1,76.0,46.1,585.3
2000-05-01T00:00:00,GHCND:USC00041253,104.0,90.0,1.0,0.0,0.0,0.0,0.0,0.0,0.0,0.0,31.0,8.0,39.0,0.0,0.0,0.01,103.0,7.27,1513.0,59.0,51.0,81.0,0.01,0.0,66.0,82.8,49.2,1064.4
2000-06-01T00:00:00,GHCND:USC00041253,273.0,169.0,1.0,0.0,0.0,0.0,0.0,0.0,0.0,0.0,30.0,12.0,45.0,0.0,0.0,0.04,107.0,8.11,1523.0,10.0,56.0,86.0,0.04,0.0,70.3,87.8,52.9,694.7
2000-07-01T00:00:00,GHCND:USC00041253,421.0,148.0,0.0,0.0,0.0,0.0,0.0,0.0,0.0,0.0,31.0,13.0,47.0,0.0,0.0,0.0,100.0,8.09,0.0,0.0,55.0,85.0,0.0,0.0,69.7,87.9,51.6,686.6
2000-08-01T00:00:00,GHCND:USC00041253,678.0,257.0,0.0,0.0,0.0,0.0,0.0,0.0,0.0,0.0,31.0,22.0,47.0,0.0,0.0,0.0,105.0,8.48,2.0,1.0,56.0,87.0,0.0,0.0,73.2,93.6,52.9,426.9
2000-09-01T00:00:00,GHCND:USC00041253,842.0,164.0,0.0,0.0,0.0,0.0,0.0,0.0,0.0,0.0,30.0,14.0,41.0,0.0,0.0,0.0,104.0,6.6,3.0,1.0,54.0,80.0,0.0,0.0,70.4,88.5,52.4,
2000-10-01T00:00:00,GHCND:USC00041253,886.0,43.0,8.0,4.0,1.0,0.0,0.0,0.0,0.0,0.0,22.0,2.0,43.0,0.0,0.0,1.58,90.0,3.84,85.0,82.0,50.0,71.0,2.64,0.0,63.7,77.1,50.4,
2000-11-01T00:00:00,GHCND:USC00041253,886.0,0.0,0.0,0.0,0.0,0.0,0.0,0.0,5.0,0.0,15.0,0.0,28.0,0.0,0.0,0.0,80.0,2.59,420.0,335.0,39.0,58.0,0.0,0.0,53.8,69.2,38.4,1079.9
2000-12-01T00:00:00,GHCND:USC00041253,886.0,0.0,2.0,0.0,0.0,0.0,0.0,0.0,1.0,0.0,19.0,0.0,32.0,0.0,0.0,0.08,83.0,2.2,701.0,281.0,40.0,56.0,0.09,0.0,55.9,71.6,40.3,839.5
2001-01-01T00:00:00,GHCND:USC00041253,0.0,0.0,9.0,6.0,2.0,0.0,0.0,0.0,5.0,0.0,9.0,0.0,27.0,0.0,0.0,4.82,82.0,2.08,1122.0,421.0,37.0,55.0,8.4,0.0,51.4,65.1,37.7,1069.4
2001-02-01T00:00:00,GHCND:USC00041253,2.0,2.0,13.0,11.0,2.0,0.0,0.0,0.0,0.0,0.0,4.0,0.0,33.0,0.0,0.0,1.28,85.0,1.98,1511.0,388.0,41.0,60.0,5.71,0.0,51.2,62.1,40.3,1073.1
2001-03-01T00:00:00,GHCND:USC00041253,14.0,11.0,6.0,4.0,1.0,0.0,0.0,0.0,0.0,0.0,17.0,0.0,36.0,0.0,0.0,2.43,87.0,4.2,1734.0,223.0,47.0,67.0,3.05,0.0,58.2,69.9,46.4,1434.7
2001-04-01T00:00:00,GHCND:USC00041253,27.0,13.0,5.0,4.0,0.0,0.0,0.0,0.0,0.0,0.0,15.0,2.0,35.0,0.0,0.0,0.6,94.0,4.51,2003.0,269.0,44.0,70.0,1.35,0.0,56.4,69.4,43.5,1214.8
2001-05-01T00:00:00,GHCND:USC00041253,149.0,122.0,2.0,0.0,0.0,0.0,0.0,0.0,0.0,0.0,31.0,9.0,45.0,0.0,0.0,0.05,99.0,7.51,2015.0,12.0,53.0,84.0,0.06,0.0,68.5,86.0,51.1,1037.7
2001-06-01T00:00:00,GHCND:USC00041253,341.0,192.0,0.0,0.0,0.0,0.0,0.0,0.0,0.0,0.0,30.0,17.0,46.0,0.0,0.0,0.0,102.0,9.28,2019.0,4.0,55.0,87.0,0.0,0.0,71.3,91.2,51.3,1069.4
2001-07-01T00:00:00,GHCND:USC00041253,560.0,219.0,1.0,0.0,0.0,0.0,0.0,0.0,0.0,0.0,31.0,13.0,49.0,0.0,0.0,0.06,105.0,8.27,0.0,0.0,57.0,87.0,0.06,0.0,72.0,89.3,54.8,1071.9
2001-08-01T00:00:00,GHCND:USC00041253,778.0,219.0,0.0,0.0,0.0,0.0,0.0,0.0,0.0,0.0,31.0,18.0,50.0,0.0,0.0,0.0,101.0,8.09,0.0,0.0,56.0,87.0,0.0,0.0,72.0,91.7,52.4,1038.9
2001-09-01T00:00:00,GHCND:USC00041253,935.0,156.0,0.0,0.0,0.0,0.0,0.0,0.0,0.0,0.0,30.0,13.0,47.0,0.0,0.0,0.0,97.0,6.31,0.0,0.0,54.0,82.0,0.0,0.0,70.2,88.8,51.6,997.3
2001-10-01T00:00:00,GHCND:USC00041253,1030.0,95.0,3.0,2.0,0.0,0.0,0.0,0.0,0.0,0.0,30.0,11.0,45.0,0.0,0.0,0.5,104.0,4.28,38.0,37.0,52.0,75.0,0.62,0.0,66.9,84.4,49.3,891.7
2001-11-01T00:00:00,GHCND:USC00041253,1037.0,7.0,6.0,5.0,1.0,0.0,0.0,0.0,0.0,0.0,19.0,0.0,36.0,0.0,0.0,1.28,86.0,1.99,229.0,191.0,50.0,66.0,3.27,0.0,58.9,70.8,47.0,955.7
2001-12-01T00:00:00,GHCND:USC00041253,1037.0,0.0,11.0,6.0,1.0,0.0,0.0,0.0,1.0,0.0,6.0,0.0,31.0,0.0,0.0,1.1,75.0,16.54,647.0,418.0,43.0,56.0,2.67,0.0,51.5,62.5,40.6,1099.8
2002-01-01T00:00:00,GHCND:USC00041253,0.0,0.0,4.0,3.0,0.0,0.0,0.0,0.0,9.0,0.0,6.0,0.0,27.0,0.0,0.0,0.6,77.0,16.55,1108.0,461.0,42.0,56.0,0.87,0.0,50.1,63.9,36.4,805.9
2002-02-01T00:00:00,GHCND:USC00041253,6.0,6.0,2.0,1.0,0.0,0.0,0.0,0.0,3.0,0.0,17.0,0.0,30.0,0.0,0.0,0.18,89.0,2.79,1373.0,265.0,43.0,65.0,0.24,0.0,55.7,72.3,39.1,907.2
2002-03-01T00:00:00,GHCND:USC00041253,6.0,0.0,5.0,3.0,0.0,0.0,0.0,0.0,0.0,0.0,20.0,0.0,35.0,0.0,0.0,0.28,82.0,4.28,1664.0,291.0,44.0,70.0,0.79,0.0,55.6,70.4,40.8,1316.1
2002-04-01T00:00:00,GHCND:USC00041253,25.0,19.0,2.0,0.0,0.0,0.0,0.0,0.0,0.0,0.0,24.0,3.0,36.0,0.0,0.0,0.07,98.0,6.03,1810.0,146.0,49.0,76.0,0.13,0.0,60.8,76.0,45.6,1312.3
2002-05-01T00:00:00,GHCND:USC00041253,57.0,32.0,2.0,1.0,0.0,0.0,0.0,0.0,0.0,0.0,27.0,3.0,39.0,0.0,0.0,0.1,100.0,7.44,1910.0,101.0,51.0,80.0,0.12,0.0,62.7,79.3,46.2,1363.3
2002-06-01T00:00:00,GHCND:USC00041253,173.0,115.0,0.0,0.0,0.0,0.0,0.0,0.0,0.0,0.0,30.0,11.0,45.0,0.0,0.0,0.0,106.0,8.5,1915.0,4.0,55.0,87.0,0.0,0.0,68.7,87.4,50.0,1189.9
2002-07-01T00:00:00,GHCND:USC00041253,428.0,255.0,0.0,0.0,0.0,0.0,0.0,0.0,0.0,0.0,31.0,23.0,46.0,0.0,0.0,0.0,110.0,9.24,0.0,0.0,61.0,91.0,0.0,0.0,73.2,93.9,52.6,1038.9
2002-08-01T00:00:00,GHCND:USC00041253,623.0,195.0,0.0,0.0,0.0,0.0,0.0,0.0,0.0,0.0,31.0,18.0,46.0,0.0,0.0,0.0,105.0,8.29,0.0,0.0,60.0,89.0,0.0,0.0,71.3,90.9,51.7,1026.5
2002-09-01T00:00:00,GHCND:USC00041253,863.0,240.0,2.0,0.0,0.0,0.0,0.0,0.0,0.0,0.0,30.0,19.0,44.0,0.0,0.0,0.04,109.0,7.18,10.0,10.0,58.0,85.0,0.08,0.0,72.7,93.3,52.0,923.4
2002-10-01T00:00:00,GHCND:USC00041253,905.0,41.0,0.0,0.0,0.0,0.0,0.0,0.0,0.0,0.0,27.0,4.0,40.0,0.0,0.0,0.0,102.0,4.11,136.0,126.0,52.0,72.0,0.0,0.0,62.3,77.1,47.4,925.8
2002-11-01T00:00:00,GHCND:USC00041253,918.0,13.0,5.0,4.0,1.0,0.0,0.0,0.0,0.0,0.0,24.0,0.0,34.0,0.0,0.0,1.55,89.0,2.55,288.0,152.0,47.0,65.0,2.5,0.0,60.3,76.2,44.6,819.0
2002-12-01T00:00:00,GHCND:USC00041253,918.0,0.0,11.0,7.0,2.0,0.0,0.0,0.0,2.0,0.0,7.0,0.0,30.0,0.0,0.0,3.37,75.0,1.82,665.0,377.0,44.0,57.0,6.73,0.0,52.8,64.4,41.3,913.4
2002-12-01T00:00:00,GHCND:USR0000CFIG,,0.0,,,,,,0.0,0.0,0.0,0.0,0.0,34.0,,,,67.0,,,511.0,,,,,48.5,54.9,42.2,
2003-01-01T00:00:00,GHCND:USC00041253,2.0,2.0,1.0,0.0,0.0,0.0,0.0,0.0,0.0,0.0,19.0,0.0,35.0,0.0,0.0,0.06,84.0,2.04,892.0,227.0,47.0,63.0,0.06,0.0,57.8,72.3,43.2,755.6
2003-02-01T00:00:00,GHCND:USC00041253,4.0,2.0,8.0,6.0,1.0,0.0,0.0,0.0,1.0,0.0,6.0,0.0,31.0,0.0,0.0,1.07,89.0,2.69,1196.0,304.0,46.0,62.0,3.56,0.0,54.2,67.2,41.3,1042.0
2003-03-01T00:00:00,GHCND:USC00041253,6.0,2.0,4.0,2.0,1.0,0.0,0.0,0.0,0.0,0.0,19.0,0.0,35.0,0.0,0.0,1.96,85.0,4.51,1432.0,236.0,48.0,72.0,2.4,0.0,57.5,72.3,42.6,1240.3
2003-03-01T00:00:00,GHCND:USR0000CFIG,,2.0,,,,,,0.0,0.0,0.0,9.0,0.0,35.0,,,,78.0,,,309.0,,,,,55.1,63.9,46.3,
2003-04-01T00:00:00,GHCND:USC00041253,8.0,2.0,6.0,4.0,1.0,0.0,0.0,0.0,0.0,0.0,15.0,0.0,35.0,0.0,0.0,1.15,89.0,5.18,1670.0,238.0,49.0,73.0,2.15,0.0,57.1,70.2,44.1,1335.3
2003-04-01T00:00:00,GHCND:USR0000CFIG,,2.0,,,,,,0.0,0.0,0.0,2.0,0.0,33.0,,,,76.0,,,487.0,,,,,48.8,57.6,40.0,
2003-05-01T00:00:00,GHCND:USC00041253,65.0,57.0,4.0,2.0,1.0,0.0,0.0,0.0,0.0,0.0,21.0,6.0,39.0,0.0,0.0,2.04,101.0,6.37,1787.0,117.0,54.0,81.0,2.33,0.0,63.0,78.5,47.6,1289.3
2003-05-01T00:00:00,GHCND:USR0000CFIG,,113.0,,,,,,0.0,0.0,0.0,18.0,2.0,34.0,,,,94.0,,,197.0,,,,,62.3,71.0,53.6,
2003-06-01T00:00:00,GHCND:USC00041253,176.0,111.0,1.0,0.0,0.0,0.0,0.0,0.0,0.0,0.0,29.0,8.0,47.0,0.0,0.0,0.02,106.0,7.37,1800.0,13.0,59.0,86.0,0.02,0.0,68.3,83.7,52.8,1091.7
2003-06-01T00:00:00,GHCND:USR0000CFIG,,168.0,,,,,,0.0,0.0,0.0,20.0,4.0,40.0,,,,96.0,,,105.0,,,,,67.1,76.4,57.8,
2003-07-01T00:00:00,GHCND:USC00041253,501.0,325.0,1.0,0.0,0.0,0.0,0.0,0.0,0.0,0.0,31.0,29.0,44.0,0.0,0.0,0.01,106.0,9.87,0.0,0.0,61.0,94.0,0.01,0.0,75.5,97.1,53.9,1039.6
2003-07-01T00:00:00,GHCND:USR0000CFIG,,511.0,,,,,,0.0,0.0,0.0,31.0,15.0,68.0,,,,98.0,,0.0,0.0,,,,,81.5,90.5,72.5,
2003-08-01T00:00:00,GHCND:USC00041253,758.0,257.0,0.0,0.0,0.0,0.0,0.0,0.0,0.0,0.0,31.0,23.0,49.0,0.0,0.0,0.0,101.0,8.78,0.0,0.0,61.0,91.0,0.0,0.0,73.3,92.8,53.7,1085.5
2003-08-01T00:00:00,GHCND:USR0000CFIG,,352.0,,,,,,0.0,0.0,0.0,31.0,10.0,54.0,,,,93.0,,0.0,0.0,,,,,76.4,86.0,66.7,
2003-09-01T00:00:00,GHCND:USC00041253,990.0,233.0,0.0,0.0,0.0,0.0,0.0,0.0,0.0,0.0,30.0,18.0,48.0,0.0,0.0,0.0,109.0,7.06,0.0,0.0,59.0,87.0,0.0,0.0,72.8,92.6,53.0,959.4
2003-09-01T00:00:00,GHCND:USR0000CFIG,,393.0,,,,,,0.0,0.0,0.0,30.0,13.0,59.0,,,,98.0,,0.0,0.0,,,,,78.1,87.2,69.0,
2003-10-01T00:00:00,GHCND:USC00041253,1168.0,177.0,0.0,0.0,0.0,0.0,0.0,0.0,0.0,0.0,30.0,19.0,42.0,0.0,0.0,0.0,103.0,5.48,10.0,10.0,56.0,78.0,0.0,0.0,70.4,90.6,50.2,890.4
2003-10-01T00:00:00,GHCND:USR0000CFIG,,294.0,,,,,,0.0,0.0,0.0,29.0,5.0,35.0,,,,95.0,,41.0,41.0,,,,,73.1,82.8,63.5,
2003-11-01T00:00:00,GHCND:USC00041253,1168.0,0.0,9.0,3.0,0.0,0.0,0.0,0.0,2.0,0.0,11.0,0.0,31.0,0.0,0.0,0.42,83.0,2.27,303.0,292.0,45.0,60.0,1.21,0.0,55.3,68.8,41.7,809.0
2003-11-01T00:00:00,GHCND:USR0000CFIG,,6.0,,,,,,0.0,0.0,0.0,4.0,0.0,35.0,,,,85.0,,375.0,334.0,,,,,52.9,61.4,44.4,
2003-12-01T00:00:00,GHCND:USC00041253,1168.0,0.0,10.0,6.0,0.0,0.0,0.0,0.0,5.0,0.0,11.0,0.0,27.0,0.0,0.0,0.84,79.0,1.84,674.0,371.0,43.0,56.0,2.03,0.0,53.0,65.6,40.4,1004.1
2003-12-01T00:00:00,GHCND:USR0000CFIG,,0.0,,,,,,0.0,0.0,0.0,3.0,0.0,33.0,,,,73.0,,842.0,467.0,,,,,49.9,56.6,43.2,
2004-01-01T00:00:00,GHCND:USC00041253,0.0,0.0,4.0,1.0,0.0,0.0,0.0,0.0,3.0,0.0,10.0,0.0,28.0,0.0,0.0,0.13,79.0,1.93,1065.0,391.0,42.0,58.0,0.32,0.0,52.4,66.6,38.1,927.1
2004-01-01T00:00:00,GHCND:USR0000CFIG,0.0,0.0,,,,,,0.0,1.0,0.0,3.0,0.0,32.0,,,,72.0,,1267.0,425.0,,,,,51.3,58.8,43.8,
2004-02-01T00:00:00,GHCND:USC00041253,0.0,0.0,9.0,8.0,1.0,0.0,0.0,0.0,4.0,0.0,6.0,0.0,30.0,0.0,0.0,3.47,75.0,2.33,1458.0,393.0,43.0,59.0,6.03,0.0,51.5,64.1,38.8,1069.4
2004-02-01T00:00:00,GHCND:USR0000CFIG,0.0,0.0,,,,,,0.0,0.0,0.0,0.0,0.0,34.0,,,,68.0,,1784.0,517.0,,,,,47.2,54.3,40.1,
2004-03-01T00:00:00,GHCND:USC00041253,42.0,42.0,2.0,2.0,0.0,0.0,0.0,0.0,0.0,0.0,27.0,6.0,36.0,0.0,0.0,0.36,93.0,5.1,1573.0,115.0,53.0,77.0,0.48,0.0,62.7,78.7,46.6,1052.6
2004-03-01T00:00:00,GHCND:USR0000CFIG,95.0,95.0,,,,,,0.0,0.0,0.0,19.0,0.0,34.0,,,,83.0,,1941.0,157.0,,,,,63.0,71.8,54.2,
2004-04-01T00:00:00,GHCND:USC00041253,82.0,40.0,0.0,0.0,0.0,0.0,0.0,0.0,0.0,0.0,29.0,4.0,38.0,0.0,0.0,0.0,101.0,6.91,1693.0,120.0,52.0,81.0,0.0,0.0,62.3,79.0,45.6,1282.5
2004-04-01T00:00:00,GHCND:USR0000CFIG,144.0,49.0,,,,,,0.0,0.0,0.0,12.0,2.0,37.0,,,,92.0,,2151.0,210.0,,,,,59.6,68.8,50.4,
2004-05-01T00:00:00,GHCND:USC00041253,150.0,68.0,0.0,0.0,0.0,0.0,0.0,0.0,0.0,0.0,31.0,7.0,41.0,0.0,0.0,0.0,104.0,8.89,1752.0,59.0,54.0,85.0,0.0,0.0,65.3,83.8,46.7,1289.3
2004-05-01T00:00:00,GHCND:USR0000CFIG,241.0,97.0,,,,,,0.0,0.0,0.0,18.0,3.0,41.0,,,,93.0,,2274.0,123.0,,,,,64.2,74.2,54.1,
2004-06-01T00:00:00,GHCND:USC00041253,260.0,110.0,0.0,0.0,0.0,0.0,0.0,0.0,0.0,0.0,30.0,11.0,37.0,0.0,0.0,0.0,96.0,9.01,1771.0,18.0,58.0,89.0,0.0,0.0,68.1,86.3,49.8,1173.8
2004-06-01T00:00:00,GHCND:USR0000CFIG,416.0,175.0,,,,,,0.0,0.0,0.0,27.0,2.0,42.0,,,,91.0,,2315.0,41.0,,,,,69.5,78.5,60.4,
2004-07-01T00:00:00,GHCND:USC00041253,504.0,244.0,0.0,0.0,0.0,0.0,0.0,0.0,0.0,0.0,31.0,22.0,49.0,0.0,0.0,0.0,101.0,9.79,0.0,0.0,61.0,92.0,0.0,0.0,72.9,92.4,53.4,1209.8
2004-07-01T00:00:00,GHCND:USR0000CFIG,731.0,316.0,,,,,,0.0,0.0,0.0,30.0,5.0,53.0,,,,92.0,,3.0,3.0,,,,,75.4,84.4,66.5,
2004-08-01T00:00:00,GHCND:USC00041253,739.0,235.0,0.0,0.0,0.0,0.0,0.0,0.0,0.0,0.0,31.0,22.0,46.0,0.0,0.0,0.0,100.0,8.76,0.0,0.0,61.0,91.0,0.0,0.0,72.6,91.1,54.0,1225.3
2004-08-01T00:00:00,GHCND:USR0000CFIG,1039.0,308.0,,,,,,0.0,0.0,0.0,31.0,6.0,49.0,,,,96.0,,9.0,6.0,,,,,74.7,84.2,65.3,
2004-09-01T00:00:00,GHCND:USR0000CFIG,1327.0,288.0,,,,,,0.0,0.0,0.0,25.0,10.0,44.0,,,,96.0,,61.0,51.0,,,,,72.9,83.0,62.7,
2004-10-01T00:00:00,GHCND:USC00041253,,56.0,7.0,6.0,3.0,0.0,0.0,0.0,0.0,0.0,23.0,7.0,40.0,0.0,0.0,2.09,98.0,4.15,,122.0,52.0,73.0,6.38,0.0,62.9,77.5,48.3,1006.0
2004-10-01T00:00:00,GHCND:USR0000CFIG,1430.0,103.0,,,,,,0.0,0.0,0.0,14.0,0.0,38.0,,,,89.0,,293.0,232.0,,,,,60.8,69.0,52.7,
2004-11-01T00:00:00,GHCND:USC00041253,,0.0,3.0,1.0,0.0,0.0,0.0,0.0,2.0,0.0,11.0,0.0,30.0,0.0,0.0,0.25,79.0,2.2,,309.0,44.0,61.0,0.33,0.0,54.7,68.6,40.8,869.9
2004-11-01T00:00:00,GHCND:USR0000CFIG,1430.0,0.0,,,,,,0.0,0.0,0.0,1.0,0.0,34.0,,,,71.0,,688.0,394.0,,,,,51.9,59.5,44.2,
2004-12-01T00:00:00,GHCND:USC00041253,,0.0,11.0,5.0,3.0,0.0,0.0,0.0,4.0,0.0,11.0,0.0,27.0,0.0,0.0,7.23,81.0,1.62,,371.0,42.0,60.0,13.26,0.0,53.0,66.7,39.4,889.8
2004-12-01T00:00:00,GHCND:USR0000CFIG,1443.0,13.0,,,,,,0.0,0.0,0.0,10.0,0.0,34.0,,,,79.0,,1085.0,398.0,,,,,52.6,60.1,45.1,
2005-01-01T00:00:00,GHCND:USC00041253,0.0,0.0,13.0,9.0,4.0,0.0,0.0,0.0,1.0,0.0,10.0,0.0,30.0,0.0,0.0,2.93,81.0,1.68,,367.0,44.0,61.0,10.3,0.0,53.2,64.3,42.0,783.5
2005-01-01T00:00:00,GHCND:USR0000CFIG,6.0,6.0,,,,,,0.0,0.0,0.0,7.0,0.0,34.0,,,,78.0,,1476.0,391.0,,,,,51.5,58.2,44.8,
2005-02-01T00:00:00,GHCND:USC00041253,0.0,0.0,11.0,10.0,3.0,0.0,0.0,0.0,0.0,0.0,6.0,0.0,36.0,0.0,0.0,3.78,74.0,2.27,,272.0,47.0,65.0,9.22,0.0,55.3,65.7,44.8,848.8
2005-02-01T00:00:00,GHCND:USR0000CFIG,6.0,0.0,,,,,,0.0,0.0,0.0,0.0,0.0,36.0,,,,66.0,,1921.0,444.0,,,,,49.1,55.7,42.5,
2005-03-01T00:00:00,GHCND:USC00041253,6.0,6.0,11.0,5.0,1.0,0.0,0.0,0.0,0.0,0.0,14.0,0.0,39.0,0.0,0.0,1.45,88.0,3.47,,230.0,49.0,72.0,3.08,0.0,57.8,70.3,45.2,924.0
2005-03-01T00:00:00,GHCND:USR0000CFIG,32.0,26.0,,,,,,0.0,0.0,0.0,7.0,0.0,37.0,,,,83.0,,2267.0,346.0,,,,,54.1,62.4,45.8,
2005-04-01T00:00:00,GHCND:USC00041253,,,,,,0.0,0.0,,,,,,,0.0,0.0,,,,,,,,,0.0,,,,
2005-04-01T00:00:00,GHCND:USR0000CFIG,36.0,4.0,,,,,,0.0,0.0,0.0,7.0,0.0,35.0,,,,79.0,,2589.0,322.0,,,,,54.4,64.2,44.6,
2005-05-01T00:00:00,GHCND:USC00041253,,59.0,3.0,1.0,0.0,0.0,0.0,0.0,0.0,0.0,29.0,2.0,43.0,0.0,0.0,0.4,100.0,7.29,,58.0,55.0,85.0,0.51,0.0,65.0,80.3,49.7,1265.7
2005-05-01T00:00:00,GHCND:USR0000CFIG,114.0,78.0,,,,,,0.0,0.0,0.0,18.0,0.0,39.0,,,,85.0,,2736.0,148.0,,,,,62.7,71.9,53.6,
2005-06-01T00:00:00,GHCND:USC00041253,,50.0,1.0,0.0,0.0,0.0,0.0,0.0,0.0,0.0,30.0,2.0,41.0,0.0,0.0,0.04,95.0,,,31.0,,,0.04,0.0,65.6,81.7,49.5,
2005-06-01T00:00:00,GHCND:USR0000CFIG,175.0,61.0,,,,,,0.0,0.0,0.0,26.0,0.0,44.0,,,,88.0,,2808.0,71.0,,,,,64.7,74.5,54.8,
2005-07-01T00:00:00,GHCND:USC00041253,,289.0,0.0,0.0,0.0,0.0,0.0,0.0,0.0,0.0,31.0,24.0,52.0,0.0,0.0,0.0,104.0,9.67,0.0,0.0,60.0,94.0,0.0,0.0,74.3,94.0,54.7,1045.8
2005-07-01T00:00:00,GHCND:USR0000CFIG,652.0,477.0,,,,,,0.0,0.0,0.0,31.0,15.0,60.0,,,,99.0,,0.0,0.0,,,,,80.4,89.1,71.6,
2005-08-01T00:00:00,GHCND:USC00041253,,251.0,0.0,0.0,0.0,0.0,0.0,0.0,0.0,0.0,31.0,24.0,48.0,0.0,0.0,0.0,103.0,8.66,0.0,0.0,59.0,91.0,0.0,0.0,73.1,93.6,52.6,995.4
2005-08-01T00:00:00,GHCND:USR0000CFIG,1043.0,391.0,,,,,,0.0,0.0,0.0,31.0,12.0,55.0,,,,98.0,,0.0,0.0,,,,,77.6,87.0,68.3,
2005-09-01T00:00:00,GHCND:USR0000CFIG,1197.0,153.0,,,,,,0.0,0.0,0.0,26.0,3.0,46.0,,,,93.0,,45.0,45.0,,,,,68.6,79.4,57.8,
2005-10-01T00:00:00,GHCND:USC00041253,,,0.0,0.0,0.0,0.0,0.0,,,,,,,0.0,0.0,0.0,,0.29,,,,,0.0,0.0,,,,
2005-10-01T00:00:00,GHCND:USR0000CFIG,1284.0,87.0,,,,,,0.0,0.0,0.0,23.0,1.0,45.0,,,,90.0,,146.0,101.0,,,,,64.6,74.8,54.3,
2005-11-01T00:00:00,GHCND:USC00041253,,27.0,3.0,2.0,1.0,0.0,0.0,0.0,0.0,0.0,25.0,2.0,35.0,0.0,0.0,1.16,91.0,3.17,,109.0,47.0,68.0,1.64,0.0,62.3,78.3,46.3,1002.3
2005-11-01T00:00:00,GHCND:USR0000CFIG,1339.0,55.0,,,,,,0.0,0.0,0.0,18.0,0.0,39.0,,,,83.0,,295.0,149.0,,,,,61.9,71.0,52.8,
2005-12-01T00:00:00,GHCND:USC00041253,,0.0,6.0,3.0,0.0,0.0,0.0,0.0,1.0,0.0,13.0,0.0,30.0,0.0,0.0,0.33,84.0,1.7,,302.0,43.0,60.0,0.73,0.0,55.3,68.7,41.8,749.4
2005-12-01T00:00:00,GHCND:USR0000CFIG,1346.0,7.0,,,,,,0.0,0.0,0.0,6.0,0.0,37.0,,,,79.0,,596.0,301.0,,,,,55.5,63.5,47.5,
2006-01-01T00:00:00,GHCND:USC00041253,0.0,0.0,7.0,4.0,2.0,0.0,0.0,0.0,4.0,0.0,11.0,0.0,30.0,0.0,0.0,5.85,83.0,2.0,,357.0,40.0,60.0,7.82,0.0,53.5,67.4,39.6,1153.3
2006-01-01T00:00:00,GHCND:USR0000CFIG,4.0,4.0,,,,,,0.0,0.0,0.0,4.0,0.0,34.0,,,,79.0,,990.0,393.0,,,,,52.4,61.2,43.7,
2006-02-01T00:00:00,GHCND:USR0000CFIG,34.0,30.0,,,,,,0.0,4.0,0.0,11.0,0.0,32.0,,,,81.0,,1269.0,279.0,,,,,56.1,64.9,47.3,
2006-03-01T00:00:00,GHCND:USC00041253,,,2.0,1.0,0.0,0.0,0.0,,,,,,,0.0,0.0,0.76,,,,,,,0.78,0.0,,,,
2006-03-01T00:00:00,GHCND:USR0000CFIG,34.0,0.0,,,,,,0.0,7.0,0.0,0.0,0.0,30.0,,,,69.0,,1933.0,664.0,,,,,43.6,51.0,36.1,
2006-04-01T00:00:00,GHCND:USR0000CFIG,37.0,2.0,,,,,,0.0,0.0,0.0,4.0,0.0,35.0,,,,76.0,,2396.0,463.0,,,,,49.7,57.2,42.1,
2006-05-01T00:00:00,GHCND:USC00041253,,45.0,4.0,1.0,1.0,0.0,0.0,0.0,0.0,0.0,28.0,3.0,35.0,0.0,0.0,1.52,91.0,6.36,,82.0,55.0,83.0,1.56,0.0,63.8,78.6,49.1,1092.4
2006-05-01T00:00:00,GHCND:USR0000CFIG,135.0,98.0,,,,,,0.0,0.0,0.0,22.0,1.0,42.0,,,,90.0,,2525.0,129.0,,,,,64.0,73.3,54.7,
2006-06-01T00:00:00,GHCND:USC00041253,,175.0,0.0,0.0,0.0,0.0,0.0,0.0,0.0,0.0,30.0,16.0,46.0,0.0,0.0,0.0,100.0,8.43,,8.0,58.0,90.0,0.0,0.0,70.6,89.2,51.9,984.3
2006-06-01T00:00:00,GHCND:USR0000CFIG,449.0,314.0,,,,,,0.0,0.0,0.0,27.0,10.0,48.0,,,,96.0,,2560.0,35.0,,,,,74.3,83.1,65.5,
2006-07-01T00:00:00,GHCND:USC00041253,,375.0,0.0,0.0,0.0,0.0,0.0,0.0,0.0,0.0,31.0,29.0,46.0,0.0,0.0,0.0,112.0,10.31,0.0,0.0,62.0,96.0,0.0,0.0,78.1,98.7,57.5,886.1
2006-07-01T00:00:00,GHCND:USR0000CFIG,961.0,513.0,,,,,,0.0,0.0,0.0,31.0,20.0,61.0,,,,105.0,,0.0,0.0,,,,,81.5,91.1,72.0,
2006-08-01T00:00:00,GHCND:USC00041253,,298.0,0.0,0.0,0.0,0.0,0.0,0.0,0.0,0.0,31.0,15.0,53.0,0.0,0.0,0.0,102.0,8.3,0.0,0.0,58.0,90.0,0.0,0.0,74.6,90.4,58.8,989.2
2006-08-01T00:00:00,GHCND:USR0000CFIG,1219.0,258.0,,,,,,0.0,0.0,0.0,31.0,7.0,50.0,,,,94.0,,5.0,5.0,,,,,73.1,83.5,62.8,
2006-09-01T00:00:00,GHCND:USC00041253,,257.0,0.0,0.0,0.0,0.0,0.0,0.0,0.0,0.0,30.0,16.0,45.0,0.0,0.0,0.0,101.0,6.7,4.0,4.0,55.0,85.0,0.0,0.0,73.4,89.6,57.2,906.0
2006-09-01T00:00:00,GHCND:USR0000CFIG,1486.0,267.0,,,,,,0.0,0.0,0.0,29.0,9.0,42.0,,,,96.0,,35.0,30.0,,,,,72.9,83.2,62.6,
2006-10-01T00:00:00,GHCND:USC00041253,,10.0,2.0,1.0,0.0,0.0,0.0,0.0,2.0,0.0,30.0,6.0,27.0,0.0,0.0,0.12,93.0,4.61,143.0,139.0,49.0,74.0,0.16,0.0,60.9,80.1,41.7,953.8
2006-10-01T00:00:00,GHCND:USR0000CFIG,1538.0,52.0,,,,,,0.0,0.0,0.0,15.0,0.0,39.0,,,,83.0,,200.0,164.0,,,,,61.4,71.2,51.5,
2006-11-01T00:00:00,GHCND:USC00041253,,19.0,1.0,1.0,0.0,0.0,0.0,0.0,4.0,0.0,22.0,4.0,30.0,0.0,0.0,0.2,94.0,3.14,346.0,203.0,45.0,68.0,0.2,0.0,58.9,77.0,40.8,969.3
2006-11-01T00:00:00,GHCND:USR0000CFIG,1595.0,58.0,,,,,,0.0,0.0,0.0,14.0,0.0,33.0,,,,89.0,,400.0,200.0,,,,,60.2,69.1,51.4,
2006-12-01T00:00:00,GHCND:USC00041253,,0.0,7.0,5.0,0.0,0.0,0.0,0.0,9.0,0.0,13.0,0.0,27.0,0.0,0.0,0.65,84.0,,715.0,369.0,,,1.59,0.0,53.1,68.5,37.7,
2006-12-01T00:00:00,GHCND:USR0000CFIG,1597.0,2.0,,,,,,0.0,1.0,0.0,9.0,0.0,32.0,,,,76.0,,741.0,341.0,,,,,53.1,60.4,45.9,
2007-01-01T00:00:00,GHCND:USC00041253,0.0,0.0,6.0,3.0,0.0,0.0,0.0,0.0,14.0,0.0,11.0,0.0,20.0,0.0,0.0,0.74,85.0,2.09,1177.0,461.0,38.0,56.0,1.3,0.0,50.1,66.0,34.2,922.1
2007-01-01T00:00:00,GHCND:USR0000CFIG,6.0,6.0,,,,,,0.0,5.0,0.0,3.0,0.0,26.0,,,,78.0,,1219.0,478.0,,,,,48.2,56.4,40.1,
2007-02-01T00:00:00,GHCND:USC00041253,1.0,1.0,7.0,5.0,0.0,0.0,0.0,0.0,1.0,0.0,7.0,0.0,30.0,0.0,0.0,0.86,86.0,2.58,1474.0,297.0,43.0,61.0,3.03,0.0,54.4,68.1,40.8,948.2
2007-03-01T00:00:00,GHCND:USC00041253,15.0,14.0,3.0,0.0,0.0,0.0,0.0,0.0,1.0,0.0,25.0,3.0,32.0,0.0,0.0,0.07,95.0,4.86,1669.0,195.0,47.0,73.0,0.15,0.0,59.2,76.1,42.3,1084.9
2007-03-01T00:00:00,GHCND:USR0000CFIG,,43.0,,,,,,0.0,0.0,0.0,13.0,0.0,33.0,,,,85.0,,,210.0,,,,,59.1,67.9,50.3,
2007-04-01T00:00:00,GHCND:USC00041253,33.0,18.0,3.0,1.0,0.0,0.0,0.0,0.0,0.0,0.0,25.0,3.0,34.0,0.0,0.0,0.75,98.0,6.26,1831.0,162.0,48.0,75.0,0.81,0.0,60.2,77.3,43.1,1378.8
2007-04-01T00:00:00,GHCND:USR0000CFIG,,42.0,,,,,,0.0,1.0,0.0,12.0,0.0,32.0,,,,89.0,,,255.0,,,,,57.9,67.2,48.6,
2007-05-01T00:00:00,GHCND:USC00041253,59.0,26.0,0.0,0.0,0.0,0.0,0.0,0.0,0.0,0.0,31.0,3.0,41.0,0.0,0.0,0.0,99.0,8.35,1891.0,60.0,53.0,80.0,0.0,0.0,63.9,82.3,45.5,1240.3
2007-05-01T00:00:00,GHCND:USR0000CFIG,,52.0,,,,,,0.0,0.0,0.0,24.0,0.0,42.0,,,,88.0,,,86.0,,,,,63.9,73.3,54.6,
2007-06-01T00:00:00,GHCND:USR0000CFIG,,221.0,,,,,,0.0,0.0,0.0,28.0,2.0,44.0,,,,93.0,,,27.0,,,,,71.4,80.5,62.4,
2007-07-01T00:00:00,GHCND:USC00041253,,236.0,0.0,0.0,0.0,0.0,0.0,0.0,0.0,0.0,31.0,24.0,45.0,0.0,0.0,0.0,105.0,9.35,0.0,0.0,60.0,91.0,0.0,0.0,72.6,93.3,51.9,1060.1
2007-07-01T00:00:00,GHCND:USR0000CFIG,,358.0,,,,,,0.0,0.0,0.0,31.0,5.0,50.0,,,,101.0,,3.0,3.0,,,,,76.5,85.1,67.8,
2007-08-01T00:00:00,GHCND:USC00041253,,241.0,0.0,0.0,0.0,0.0,0.0,0.0,0.0,0.0,31.0,24.0,46.0,0.0,0.0,0.0,106.0,8.33,0.0,0.0,58.0,89.0,0.0,0.0,72.8,93.1,52.5,939.5
2007-08-01T00:00:00,GHCND:USR0000CFIG,,375.0,,,,,,0.0,0.0,0.0,30.0,9.0,52.0,,,,101.0,,10.0,7.0,,,,,76.9,86.1,67.6,
2007-09-01T00:00:00,GHCND:USC00041253,,153.0,2.0,1.0,0.0,0.0,0.0,0.0,0.0,0.0,30.0,9.0,45.0,0.0,0.0,0.15,112.0,6.85,26.0,26.0,55.0,82.0,0.17,0.0,69.2,87.2,51.3,938.3
2007-09-01T00:00:00,GHCND:USR0000CFIG,,162.0,,,,,,0.0,0.0,0.0,24.0,3.0,42.0,,,,103.0,,94.0,84.0,,,,,67.6,77.7,57.5,
2007-10-01T00:00:00,GHCND:USC00041253,,55.0,3.0,1.0,0.0,0.0,0.0,0.0,0.0,0.0,31.0,5.0,37.0,0.0,0.0,0.24,98.0,5.15,83.0,57.0,49.0,74.0,0.34,0.0,64.9,82.0,47.9,1105.4
2007-10-01T00:00:00,GHCND:USR0000CFIG,,71.0,,,,,,0.0,0.0,0.0,19.0,1.0,42.0,,,,90.0,,240.0,146.0,,,,,62.6,72.5,52.6,
2007-11-01T00:00:00,GHCND:USC00041253,,20.0,3.0,0.0,0.0,0.0,0.0,0.0,1.0,0.0,27.0,4.0,32.0,0.0,0.0,0.03,93.0,2.92,258.0,174.0,44.0,65.0,0.06,0.0,59.9,77.8,41.9,767.4
2007-11-01T00:00:00,GHCND:USR0000CFIG,,61.0,,,,,,0.0,0.0,0.0,17.0,0.0,40.0,,,,83.0,,371.0,131.0,,,,,62.7,71.3,54.0,
2007-12-01T00:00:00,GHCND:USC00041253,,0.0,5.0,3.0,1.0,0.0,0.0,0.0,11.0,0.0,8.0,0.0,27.0,0.0,0.0,1.94,87.0,2.13,716.0,458.0,38.0,55.0,2.39,0.0,50.2,65.0,35.4,986.7
2007-12-01T00:00:00,GHCND:USR0000CFIG,,6.0,,,,,,0.0,2.0,0.0,5.0,0.0,32.0,,,,78.0,,884.0,513.0,,,,,48.6,56.4,40.9,
2008-01-01T00:00:00,GHCND:USC00041253,0.0,0.0,14.0,11.0,6.0,0.0,0.0,0.0,6.0,0.0,8.0,0.0,30.0,0.0,0.0,4.05,78.0,2.65,1173.0,457.0,39.0,56.0,16.57,0.0,50.3,62.9,37.6,1306.7
2008-01-01T00:00:00,GHCND:USR0000CFIG,0.0,0.0,,,,,,0.0,6.0,0.0,2.0,0.0,32.0,,,,72.0,,1420.0,536.0,,,,,47.7,54.2,41.1,
2008-02-01T00:00:00,GHCND:USC00041253,0.0,0.0,8.0,6.0,0.0,0.0,0.0,0.0,6.0,0.0,10.0,0.0,29.0,0.0,0.0,0.87,84.0,2.54,1516.0,343.0,41.0,63.0,2.33,0.0,53.2,67.3,39.0,1037.7
2008-02-01T00:00:00,GHCND:USR0000CFIG,5.0,5.0,,,,,,0.0,2.0,0.0,7.0,0.0,32.0,,,,75.0,,1809.0,389.0,,,,,51.7,59.2,44.3,
2008-03-01T00:00:00,GHCND:USC00041253,0.0,0.0,2.0,1.0,0.0,0.0,0.0,0.0,0.0,0.0,24.0,0.0,33.0,0.0,0.0,0.45,86.0,5.02,1759.0,243.0,44.0,73.0,0.46,0.0,57.1,73.9,40.4,1370.7
2008-03-01T00:00:00,GHCND:USR0000CFIG,8.0,3.0,,,,,,0.0,1.0,0.0,8.0,0.0,32.0,,,,75.0,,2107.0,297.0,,,,,55.4,64.3,46.4,
2008-04-01T00:00:00,GHCND:USC00041253,38.0,38.0,1.0,0.0,0.0,0.0,0.0,0.0,3.0,0.0,24.0,5.0,32.0,0.0,0.0,0.06,97.0,6.83,1974.0,214.0,46.0,78.0,0.06,0.0,59.1,77.0,41.2,1280.6
2008-04-01T00:00:00,GHCND:USR0000CFIG,50.0,42.0,,,,,,0.0,0.0,0.0,12.0,0.0,34.0,,,,86.0,,2387.0,280.0,,,,,57.1,67.7,46.4,
2008-05-01T00:00:00,GHCND:USC00041253,102.0,63.0,1.0,1.0,0.0,0.0,0.0,0.0,0.0,0.0,28.0,6.0,35.0,0.0,0.0,0.38,102.0,7.76,2126.0,152.0,50.0,81.0,0.38,0.0,62.1,78.7,45.5,1294.3
2008-05-01T00:00:00,GHCND:USR0000CFIG,145.0,95.0,,,,,,0.0,0.0,0.0,12.0,2.0,39.0,,,,95.0,,2588.0,201.0,,,,,60.9,69.7,52.1,
2008-06-01T00:00:00,GHCND:USC00041253,266.0,165.0,0.0,0.0,0.0,0.0,0.0,0.0,0.0,0.0,30.0,18.0,40.0,0.0,0.0,0.0,113.0,9.67,2156.0,30.0,56.0,89.0,0.0,0.0,69.5,90.0,48.9,1104.8
2008-06-01T00:00:00,GHCND:USR0000CFIG,441.0,295.0,,,,,,0.0,0.0,0.0,29.0,5.0,52.0,,,,102.0,,2598.0,10.0,,,,,74.5,83.6,65.5,
2008-07-01T00:00:00,GHCND:USC00041253,499.0,233.0,0.0,0.0,0.0,0.0,0.0,0.0,0.0,0.0,30.0,23.0,47.0,0.0,0.0,0.0,101.0,8.88,0.0,0.0,60.0,92.0,0.0,0.0,72.8,92.1,53.4,953.8
2008-07-01T00:00:00,GHCND:USR0000CFIG,818.0,378.0,,,,,,0.0,0.0,0.0,31.0,8.0,60.0,,,,95.0,,0.0,0.0,,,,,77.2,85.4,69.0,
2008-08-01T00:00:00,GHCND:USC00041253,782.0,283.0,0.0,0.0,0.0,0.0,0.0,0.0,0.0,0.0,31.0,30.0,49.0,0.0,0.0,0.0,103.0,8.98,0.0,0.0,59.0,91.0,0.0,0.0,74.1,94.9,53.4,912.2
2008-08-01T00:00:00,GHCND:USR0000CFIG,1215.0,396.0,,,,,,0.0,0.0,0.0,31.0,8.0,62.0,,,,94.0,,0.0,0.0,,,,,77.8,86.7,68.9,
2008-09-01T00:00:00,GHCND:USC00041253,998.0,216.0,0.0,0.0,0.0,0.0,0.0,0.0,0.0,0.0,30.0,19.0,46.0,0.0,0.0,0.0,103.0,6.98,0.0,0.0,57.0,87.0,0.0,0.0,72.2,92.1,52.3,896.0
2008-09-01T00:00:00,GHCND:USR0000CFIG,1544.0,330.0,,,,,,0.0,0.0,0.0,30.0,9.0,52.0,,,,96.0,,7.0,7.0,,,,,75.7,85.2,66.2,
2008-10-01T00:00:00,GHCND:USC00041253,1155.0,157.0,3.0,0.0,0.0,0.0,0.0,0.0,1.0,0.0,30.0,19.0,30.0,0.0,0.0,0.06,102.0,5.96,45.0,45.0,49.0,77.0,0.15,0.0,68.6,89.5,47.6,1042.7
2008-10-01T00:00:00,GHCND:USR0000CFIG,1756.0,212.0,,,,,,0.0,0.0,0.0,25.0,4.0,39.0,,,,93.0,,75.0,68.0,,,,,69.6,79.5,59.8,
2008-11-01T00:00:00,GHCND:USC00041253,1194.0,38.0,6.0,4.0,1.0,0.0,0.0,0.0,0.0,0.0,23.0,6.0,36.0,0.0,0.0,2.13,92.0,3.15,162.0,116.0,47.0,67.0,3.39,0.0,62.4,78.3,46.6,942.6
2008-11-01T00:00:00,GHCND:USR0000CFIG,1824.0,67.0,,,,,,0.0,0.0,0.0,18.0,0.0,41.0,,,,85.0,,254.0,178.0,,,,,61.3,69.6,53.0,
2008-12-01T00:00:00,GHCND:USC00041253,1194.0,0.0,9.0,5.0,1.0,0.0,0.0,0.0,6.0,0.0,10.0,0.0,29.0,0.0,0.0,1.41,80.0,1.56,591.0,429.0,39.0,57.0,2.46,0.0,51.2,64.9,37.3,981.8
2008-12-01T00:00:00,GHCND:USR0000CFIG,1829.0,6.0,,,,,,0.0,5.0,0.0,3.0,0.0,32.0,,,,81.0,,736.0,482.0,,,,,49.6,56.7,42.6,
2009-01-01T00:00:00,GHCND:USC00041253,3.0,3.0,6.0,3.0,0.0,0.0,0.0,0.0,5.0,0.0,20.0,0.0,29.0,0.0,0.0,0.21,85.0,2.15,874.0,283.0,40.0,61.0,0.65,0.0,56.0,72.7,39.2,830.8
2009-01-01T00:00:00,GHCND:USR0000CFIG,21.0,21.0,,,,,,0.0,1.0,0.0,13.0,0.0,32.0,,,,79.0,,995.0,258.0,,,,,57.3,64.7,50.0,
2009-02-01T00:00:00,GHCND:USC00041253,3.0,0.0,14.0,9.0,3.0,0.0,0.0,0.0,3.0,0.0,9.0,0.0,31.0,0.0,0.0,1.5,81.0,2.27,1221.0,347.0,41.0,62.0,5.7,0.0,52.6,65.2,40.0,995.4
2009-02-01T00:00:00,GHCND:USR0000CFIG,21.0,0.0,,,,,,0.0,4.0,0.0,3.0,0.0,32.0,,,,72.0,,1480.0,485.0,,,,,47.7,54.6,40.8,
2009-03-01T00:00:00,GHCND:USC00041253,6.0,3.0,5.0,3.0,0.0,0.0,0.0,0.0,1.0,0.0,15.0,0.0,31.0,0.0,0.0,0.41,89.0,4.17,1519.0,298.0,43.0,72.0,0.85,0.0,55.5,70.4,40.6,1034.0
2009-03-01T00:00:00,GHCND:USR0000CFIG,22.0,1.0,,,,,,0.0,0.0,0.0,4.0,0.0,33.0,,,,76.0,,1908.0,428.0,,,,,51.2,59.4,43.1,
2009-04-01T00:00:00,GHCND:USC00041253,45.0,38.0,2.0,1.0,0.0,0.0,0.0,0.0,0.0,0.0,21.0,4.0,34.0,0.0,0.0,0.13,100.0,6.33,1752.0,233.0,46.0,77.0,0.19,0.0,58.5,74.9,42.1,1349.0
2009-04-01T00:00:00,GHCND:USR0000CFIG,59.0,37.0,,,,,,0.0,3.0,0.0,9.0,0.0,32.0,,,,88.0,,2226.0,318.0,,,,,54.8,65.0,44.5,
2009-05-01T00:00:00,GHCND:USC00041253,121.0,77.0,0.0,0.0,0.0,0.0,0.0,0.0,0.0,0.0,31.0,9.0,40.0,0.0,0.0,0.0,100.0,8.63,1784.0,32.0,53.0,86.0,0.0,0.0,66.5,84.8,48.1,1298.0
2009-05-01T00:00:00,GHCND:USR0000CFIG,191.0,132.0,,,,,,0.0,0.0,0.0,30.0,2.0,48.0,,,,95.0,,2260.0,34.0,,,,,68.2,78.5,57.8,
2009-06-01T00:00:00,GHCND:USC00041253,205.0,83.0,2.0,1.0,0.0,0.0,0.0,0.0,0.0,0.0,30.0,5.0,42.0,0.0,0.0,0.15,102.0,7.94,1803.0,18.0,56.0,86.0,0.16,0.0,67.2,82.8,51.6,1139.0
2009-06-01T00:00:00,GHCND:USR0000CFIG,301.0,110.0,,,,,,0.0,0.0,0.0,16.0,3.0,41.0,,,,95.0,,2405.0,145.0,,,,,63.8,73.4,54.3,
2009-07-01T00:00:00,GHCND:USC00041253,460.0,255.0,0.0,0.0,0.0,0.0,0.0,0.0,0.0,0.0,31.0,25.0,46.0,0.0,0.0,0.0,104.0,10.19,0.0,0.0,58.0,92.0,0.0,0.0,73.2,95.2,51.3,1050.7
2009-07-01T00:00:00,GHCND:USR0000CFIG,732.0,431.0,,,,,,0.0,0.0,0.0,31.0,12.0,59.0,,,,101.0,,0.0,0.0,,,,,78.9,88.1,69.7,
2009-08-01T00:00:00,GHCND:USC00041253,682.0,223.0,1.0,0.0,0.0,0.0,0.0,0.0,0.0,0.0,30.0,22.0,43.0,0.0,0.0,0.03,109.0,8.62,0.0,0.0,58.0,85.0,0.03,0.0,72.4,93.3,51.5,975.6
2009-08-01T00:00:00,GHCND:USR0000CFIG,1107.0,375.0,,,,,,0.0,0.0,0.0,31.0,7.0,54.0,,,,100.0,,1.0,1.0,,,,,77.0,86.6,67.5,
2009-09-01T00:00:00,GHCND:USC00041253,954.0,271.0,4.0,0.0,0.0,0.0,0.0,0.0,0.0,0.0,30.0,22.0,41.0,0.0,0.0,0.05,107.0,7.75,4.0,4.0,57.0,81.0,0.09,0.0,73.9,95.5,52.2,912.2
2009-09-01T00:00:00,GHCND:USR0000CFIG,1518.0,411.0,,,,,,0.0,0.0,0.0,29.0,15.0,48.0,,,,100.0,,20.0,18.0,,,,,78.1,87.9,68.3,
2009-10-01T00:00:00,GHCND:USC00041253,1003.0,49.0,3.0,2.0,1.0,0.0,0.0,0.0,0.0,0.0,28.0,7.0,36.0,0.0,0.0,1.93,97.0,4.77,112.0,108.0,49.0,74.0,2.2,0.0,63.1,79.6,46.7,1133.4
2009-10-01T00:00:00,GHCND:USR0000CFIG,1617.0,99.0,,,,,,0.0,0.0,0.0,19.0,1.0,39.0,,,,91.0,,176.0,156.0,,,,,63.1,72.6,53.7,
2009-11-01T00:00:00,GHCND:USC00041253,1014.0,11.0,0.0,0.0,0.0,0.0,0.0,0.0,0.0,0.0,25.0,2.0,34.0,0.0,0.0,0.0,92.0,2.93,316.0,204.0,43.0,66.0,0.0,0.0,58.6,76.3,40.8,886.7
2009-11-01T00:00:00,GHCND:USR0000CFIG,1647.0,30.0,,,,,,0.0,0.0,0.0,15.0,0.0,40.0,,,,84.0,,348.0,172.0,,,,,60.3,68.8,51.7,
2009-12-01T00:00:00,GHCND:USC00041253,1014.0,0.0,10.0,7.0,0.0,0.0,0.0,0.0,4.0,0.0,4.0,0.0,28.0,0.0,0.0,0.9,77.0,1.52,772.0,456.0,39.0,56.0,3.01,0.0,50.3,63.4,37.2,848.2
2009-12-01T00:00:00,GHCND:USR0000CFIG,1647.0,0.0,,,,,,0.0,1.0,0.0,3.0,0.0,31.0,,,,71.0,,783.0,435.0,,,,,51.0,57.1,44.9,
2010-01-01T00:00:00,GHCND:USC00041253,0.0,0.0,8.0,8.0,4.0,0.0,0.0,0.0,2.0,0.0,13.0,0.0,32.0,0.0,0.0,3.55,79.0,1.85,1140.0,368.0,42.0,58.0,10.34,0.0,53.1,66.4,39.9,902.9
2010-01-01T00:00:00,GHCND:USR0000CFIG,2.0,2.0,,,,,,0.0,0.0,0.0,5.0,0.0,37.0,,,,74.0,,1128.0,345.0,,,,,53.5,59.7,47.4,
2010-02-01T00:00:00,GHCND:USC00041253,0.0,0.0,12.0,9.0,1.0,0.0,0.0,0.0,1.0,0.0,7.0,0.0,31.0,0.0,0.0,1.56,80.0,1.83,1490.0,350.0,43.0,64.0,4.93,0.0,52.5,66.0,39.0,863.1
2010-02-01T00:00:00,GHCND:USR0000CFIG,2.0,0.0,,,,,,0.0,0.0,0.0,5.0,0.0,33.0,,,,74.0,,1533.0,404.0,,,,,50.6,57.8,43.4,
2010-03-01T00:00:00,GHCND:USC00041253,0.0,0.0,6.0,1.0,0.0,0.0,0.0,0.0,4.0,0.0,16.0,0.0,31.0,0.0,0.0,0.16,84.0,4.37,1782.0,292.0,44.0,72.0,0.27,0.0,55.6,71.3,39.8,1171.9
2010-03-01T00:00:00,GHCND:USR0000CFIG,3.0,1.0,,,,,,0.0,1.0,0.0,9.0,0.0,32.0,,,,75.0,,1911.0,379.0,,,,,52.8,61.8,43.8,
2010-04-01T00:00:00,GHCND:USC00041253,0.0,0.0,8.0,4.0,1.0,0.0,0.0,0.0,0.0,0.0,15.0,0.0,34.0,0.0,0.0,2.0,83.0,4.77,2068.0,286.0,46.0,76.0,3.15,0.0,55.5,69.5,41.5,1154.5
2010-04-01T00:00:00,GHCND:USR0000CFIG,5.0,2.0,,,,,,0.0,1.0,0.0,6.0,0.0,32.0,,,,77.0,,2334.0,423.0,,,,,51.0,60.0,42.0,
2010-05-01T00:00:00,GHCND:USC00041253,6.0,6.0,2.0,0.0,0.0,0.0,0.0,0.0,0.0,0.0,26.0,2.0,38.0,0.0,0.0,0.03,95.0,7.49,2224.0,155.0,49.0,81.0,0.05,0.0,60.2,75.8,44.6,1431.0
2010-05-01T00:00:00,GHCND:USR0000CFIG,24.0,19.0,,,,,,0.0,0.0,0.0,17.0,0.0,33.0,,,,84.0,,2569.0,235.0,,,,,58.0,67.7,48.4,
2010-06-01T00:00:00,GHCND:USC00041253,78.0,72.0,0.0,0.0,0.0,0.0,0.0,0.0,0.0,0.0,30.0,6.0,42.0,0.0,0.0,0.0,96.0,8.52,2252.0,28.0,55.0,87.0,0.0,0.0,66.5,83.5,49.4,1143.9
2010-06-01T00:00:00,GHCND:USR0000CFIG,198.0,173.0,,,,,,0.0,0.0,0.0,29.0,3.0,50.0,,,,94.0,,2592.0,23.0,,,,,70.0,79.2,60.8,
2010-07-01T00:00:00,GHCND:USC00041253,219.0,140.0,0.0,0.0,0.0,0.0,0.0,0.0,0.0,0.0,31.0,10.0,45.0,0.0,0.0,0.0,100.0,8.64,3.0,3.0,56.0,90.0,0.0,0.0,69.4,88.1,50.7,915.9
2010-07-01T00:00:00,GHCND:USR0000CFIG,500.0,302.0,,,,,,0.0,0.0,0.0,31.0,5.0,56.0,,,,96.0,,0.0,0.0,,,,,74.7,84.0,65.5,
2010-08-01T00:00:00,GHCND:USC00041253,387.0,168.0,0.0,0.0,0.0,0.0,0.0,0.0,0.0,0.0,31.0,12.0,47.0,0.0,0.0,0.0,110.0,8.7,7.0,4.0,57.0,88.0,0.0,0.0,70.3,89.8,50.8,996.7
2010-08-01T00:00:00,GHCND:USR0000CFIG,819.0,319.0,,,,,,0.0,0.0,0.0,29.0,8.0,53.0,,,,103.0,,9.0,9.0,,,,,75.0,84.8,65.2,
2010-09-01T00:00:00,GHCND:USC00041253,573.0,186.0,0.0,0.0,0.0,0.0,0.0,0.0,0.0,0.0,30.0,12.0,43.0,0.0,0.0,0.0,110.0,7.37,18.0,11.0,55.0,86.0,0.0,0.0,70.8,90.7,51.0,947.0
2010-09-01T00:00:00,GHCND:USR0000CFIG,1125.0,305.0,,,,,,0.0,0.0,0.0,28.0,11.0,44.0,,,,103.0,,44.0,34.0,,,,,74.0,85.1,63.0,
2010-10-01T00:00:00,GHCND:USC00041253,658.0,85.0,10.0,5.0,0.0,0.0,0.0,0.0,0.0,0.0,25.0,9.0,41.0,0.0,0.0,0.82,98.0,4.2,117.0,98.0,53.0,74.0,2.24,0.0,64.6,79.6,49.5,961.3
2010-10-01T00:00:00,GHCND:USR0000CFIG,1247.0,123.0,,,,,,0.0,0.0,0.0,16.0,3.0,42.0,,,,92.0,,240.0,196.0,,,,,62.6,71.5,53.8,
2010-11-01T00:00:00,GHCND:USC00041253,687.0,29.0,6.0,3.0,0.0,0.0,0.0,0.0,5.0,0.0,16.0,3.0,26.0,0.0,0.0,0.51,95.0,2.64,431.0,314.0,43.0,63.0,1.42,0.0,55.5,71.6,39.4,948.8
2010-11-01T00:00:00,GHCND:USR0000CFIG,1293.0,46.0,,,,,,0.0,3.0,0.0,12.0,0.0,32.0,,,,89.0,,581.0,341.0,,,,,54.7,63.5,46.0,
2010-12-01T00:00:00,GHCND:USC00041253,687.0,0.0,16.0,10.0,4.0,0.0,0.0,0.0,1.0,0.0,7.0,0.0,29.0,0.0,0.0,1.99,83.0,1.8,801.0,370.0,43.0,58.0,9.48,0.0,53.1,64.9,41.2,1014.1
2010-12-01T00:00:00,GHCND:USR0000CFIG,1301.0,7.0,,,,,,0.0,2.0,0.0,3.0,0.0,32.0,,,,78.0,,1010.0,429.0,,,,,51.4,58.2,44.7,
2011-01-01T00:00:00,GHCND:USC00041253,1.0,1.0,,,,,,0.0,4.0,0.0,16.0,0.0,27.0,,,,88.0,2.04,1154.0,353.0,41.0,59.0,,,53.6,69.1,38.2,782.3
2011-01-01T00:00:00,GHCND:USR0000CFIG,17.0,17.0,,,,,,0.0,0.0,0.0,12.0,0.0,34.0,,,,80.0,,1306.0,296.0,,,,,56.0,63.7,48.3,
2011-02-01T00:00:00,GHCND:USC00041253,1.0,0.0,,,,,,0.0,12.0,0.0,8.0,0.0,27.0,,,,80.0,2.31,1572.0,418.0,39.0,60.0,,,50.1,65.0,35.1,785.4
2011-02-01T00:00:00,GHCND:USR0000CFIG,17.0,0.0,,,,,,0.0,7.0,0.0,4.0,0.0,29.0,,,,73.0,,1796.0,490.0,,,,,47.5,55.6,39.4,
2011-03-01T00:00:00,GHCND:USC00041253,1.0,0.0,,,,,,0.0,3.0,0.0,12.0,0.0,31.0,,,,81.0,3.28,1910.0,338.0,44.0,67.0,,,53.7,66.7,40.8,1244.0
2011-03-01T00:00:00,GHCND:USR0000CFIG,29.0,11.0,,,,,,0.0,0.0,0.0,6.0,0.0,33.0,,,,86.0,,2222.0,426.0,,,,,51.6,59.8,43.4,
2011-04-01T00:00:00,GHCND:USC00041253,20.0,19.0,,,,,,0.0,2.0,0.0,23.0,2.0,30.0,,,,94.0,5.92,2130.0,220.0,48.0,76.0,,,58.3,73.6,43.1,1387.5
2011-04-01T00:00:00,GHCND:USR0000CFIG,43.0,15.0,,,,,,0.0,3.0,0.0,7.0,0.0,29.0,,,,84.0,,2520.0,297.0,,,,,55.6,65.0,46.1,
2011-05-01T00:00:00,GHCND:USC00041253,34.0,13.0,,,,,,0.0,0.0,0.0,22.0,3.0,36.0,,,,94.0,7.43,2297.0,167.0,50.0,80.0,,,60.0,75.1,45.0,1545.4
2011-05-01T00:00:00,GHCND:USR0000CFIG,74.0,31.0,,,,,,0.0,0.0,0.0,10.0,0.0,36.0,,,,86.0,,2794.0,274.0,,,,,57.2,66.9,47.4,
2011-06-01T00:00:00,GHCND:USC00041253,82.0,49.0,,,,,,0.0,0.0,0.0,27.0,4.0,39.0,,,,95.0,6.91,2372.0,75.0,54.0,84.0,,,64.1,79.4,48.8,1091.1
2011-06-01T00:00:00,GHCND:USR0000CFIG,198.0,123.0,,,,,,0.0,0.0,0.0,19.0,2.0,40.0,,,,92.0,,2911.0,117.0,,,,,65.2,74.2,56.2,
2011-07-01T00:00:00,GHCND:USC00041253,279.0,196.0,0.0,0.0,0.0,,,0.0,0.0,0.0,31.0,14.0,47.0,,,0.0,104.0,9.13,0.0,0.0,58.0,91.0,0.0,,71.3,89.6,53.0,1035.8
2011-07-01T00:00:00,GHCND:USR0000CFIG,480.0,282.0,,,,,,0.0,0.0,0.0,30.0,5.0,47.0,,,,95.0,,18.0,18.0,,,,,73.5,83.2,63.8,
2011-08-01T00:00:00,GHCND:USC00041253,449.0,171.0,0.0,0.0,0.0,,,0.0,0.0,0.0,31.0,16.0,47.0,,,0.0,100.0,8.24,0.0,0.0,58.0,89.0,0.0,,70.5,89.8,51.2,1011.6
2011-08-01T00:00:00,GHCND:USR0000CFIG,854.0,374.0,,,,,,0.0,0.0,0.0,31.0,10.0,59.0,,,,97.0,,18.0,0.0,,,,,77.1,86.6,67.5,
2011-09-01T00:00:00,GHCND:USC00041253,624.0,175.0,0.0,0.0,0.0,,,0.0,0.0,0.0,30.0,18.0,45.0,,,0.0,105.0,6.72,2.0,2.0,56.0,85.0,0.0,,70.7,90.2,51.3,915.9
2011-09-01T00:00:00,GHCND:USR0000CFIG,1183.0,330.0,,,,,,0.0,0.0,0.0,30.0,10.0,51.0,,,,97.0,,24.0,5.0,,,,,75.8,86.1,65.6,
2011-10-01T00:00:00,GHCND:USC00041253,717.0,93.0,4.0,2.0,0.0,,,0.0,0.0,0.0,29.0,10.0,40.0,,,0.28,104.0,4.81,55.0,52.0,52.0,76.0,0.47,,66.3,84.3,48.3,901.0
2011-10-01T00:00:00,GHCND:USR0000CFIG,1351.0,168.0,,,,,,0.0,0.0,0.0,26.0,3.0,42.0,,,,95.0,,107.0,83.0,,,,,67.7,77.7,57.8,
2011-11-01T00:00:00,GHCND:USC00041253,,,10.0,4.0,1.0,,,,,,,,,,,1.03,,2.16,,,,,2.81,,,,,
2011-11-01T00:00:00,GHCND:USR0000CFIG,1381.0,30.0,,,,,,0.0,0.0,0.0,9.0,0.0,35.0,,,,85.0,,436.0,329.0,,,,,55.0,63.9,46.1,
2011-12-01T00:00:00,GHCND:USC00041253,,0.0,6.0,2.0,0.0,,,0.0,18.0,0.0,8.0,0.0,28.0,,,0.14,76.0,2.02,,471.0,37.0,55.0,0.35,,49.8,66.6,33.0,709.6
2011-12-01T00:00:00,GHCND:USR0000CFIG,1388.0,7.0,,,,,,0.0,0.0,0.0,7.0,0.0,36.0,,,,77.0,,821.0,385.0,,,,,52.8,61.0,44.6,
2012-01-01T00:00:00,GHCND:USC00041253,0.0,0.0,4.0,3.0,0.0,,,0.0,5.0,0.0,18.0,0.0,24.0,,,0.96,84.0,2.5,,339.0,39.0,59.0,1.58,,54.0,72.0,36.1,803.4
2012-01-01T00:00:00,GHCND:USR0000CFIG,23.0,23.0,,,,,,0.0,0.0,0.0,9.0,0.0,33.0,,,,79.0,,1059.0,238.0,,,,,58.0,66.3,49.7,
2012-02-01T00:00:00,GHCND:USC00041253,0.0,0.0,7.0,1.0,0.0,,,0.0,6.0,0.0,15.0,0.0,30.0,,,0.17,84.0,3.09,,338.0,41.0,62.0,0.43,,53.3,69.2,37.4,1091.1
2012-02-01T00:00:00,GHCND:USR0000CFIG,27.0,4.0,,,,,,0.0,2.0,0.0,4.0,0.0,31.0,,,,78.0,,1449.0,390.0,,,,,51.7,60.6,42.7,
2012-03-01T00:00:00,GHCND:USC00041253,1.0,1.0,8.0,4.0,1.0,,,0.0,1.0,0.0,16.0,0.0,31.0,,,1.55,88.0,4.4,,325.0,43.0,69.0,3.63,,54.6,69.7,39.4,1241.5
2012-03-01T00:00:00,GHCND:USR0000CFIG,32.0,5.0,,,,,,0.0,5.0,0.0,5.0,0.0,31.0,,,,79.0,,1890.0,440.0,,,,,51.0,60.5,41.4,
2012-04-01T00:00:00,GHCND:USC00041253,23.0,22.0,9.0,7.0,1.0,,,0.0,1.0,0.0,21.0,2.0,32.0,,,1.29,95.0,5.23,,209.0,47.0,76.0,3.21,,58.7,75.1,42.4,1173.8
2012-04-01T00:00:00,GHCND:USR0000CFIG,69.0,37.0,,,,,,0.0,0.0,0.0,15.0,0.0,34.0,,,,87.0,,2160.0,270.0,,,,,57.2,67.3,47.1,
2012-05-01T00:00:00,GHCND:USC00041253,52.0,29.0,1.0,0.0,0.0,,,0.0,0.0,0.0,30.0,4.0,39.0,,,0.02,97.0,8.31,,81.0,52.0,85.0,0.02,,63.3,81.9,44.8,1290.6
2012-05-01T00:00:00,GHCND:USR0000CFIG,182.0,113.0,,,,,,0.0,0.0,0.0,23.0,1.0,37.0,,,,90.0,,2269.0,108.0,,,,,65.2,75.6,54.7,
2012-06-01T00:00:00,GHCND:USC00041253,117.0,65.0,0.0,0.0,0.0,,,0.0,0.0,0.0,30.0,9.0,39.0,,,0.0,95.0,9.04,,27.0,54.0,89.0,0.0,,66.3,86.2,46.4,1234.7
2012-06-01T00:00:00,GHCND:USR0000CFIG,354.0,172.0,,,,,,0.0,0.0,0.0,29.0,1.0,46.0,,,,91.0,,2306.0,37.0,,,,,69.5,79.6,59.4,
2012-07-01T00:00:00,GHCND:USC00041253,259.0,142.0,0.0,0.0,0.0,,,0.0,0.0,0.0,31.0,14.0,46.0,,,0.0,101.0,8.9,0.0,0.0,57.0,91.0,0.0,,69.6,88.9,50.2,1063.8
2012-07-01T00:00:00,GHCND:USR0000CFIG,650.0,296.0,,,,,,0.0,0.0,0.0,31.0,7.0,47.0,,,,97.0,,8.0,8.0,,,,,74.3,84.6,64.0,
2012-08-01T00:00:00,GHCND:USC00041253,535.0,276.0,0.0,0.0,0.0,,,0.0,0.0,0.0,31.0,29.0,41.0,,,0.0,109.0,9.43,0.0,0.0,59.0,92.0,0.0,,73.9,97.7,50.1,1039.6
2012-08-01T00:00:00,GHCND:USR0000CFIG,1155.0,504.0,,,,,,0.0,0.0,0.0,31.0,20.0,58.0,,,,102.0,,8.0,0.0,,,,,81.3,90.9,71.6,
2012-09-01T00:00:00,GHCND:USC00041253,694.0,159.0,1.0,1.0,0.0,,,0.0,0.0,0.0,30.0,21.0,44.0,,,0.18,103.0,6.66,1.0,1.0,56.0,86.0,0.18,,70.3,92.0,48.6,820.8
2012-09-01T00:00:00,GHCND:USR0000CFIG,1554.0,400.0,,,,,,0.0,0.0,0.0,30.0,13.0,60.0,,,,97.0,,8.0,0.0,,,,,78.3,88.3,68.3,
2012-10-01T00:00:00,GHCND:USC00041253,797.0,103.0,6.0,0.0,0.0,,,0.0,0.0,0.0,30.0,12.0,34.0,,,0.06,109.0,5.68,76.0,75.0,52.0,78.0,0.13,,65.9,86.2,45.6,956.9
2012-10-01T00:00:00,GHCND:USR0000CFIG,1725.0,170.0,,,,,,0.0,0.0,0.0,23.0,4.0,41.0,,,,99.0,,117.0,109.0,,,,,67.0,77.6,56.4,
2012-11-01T00:00:00,GHCND:USC00041253,816.0,18.0,8.0,4.0,0.0,,,0.0,3.0,0.0,19.0,3.0,28.0,,,0.45,95.0,6.18,269.0,193.0,46.0,66.0,1.34,,58.9,74.9,42.9,833.3
2012-11-01T00:00:00,GHCND:USR0000CFIG,1775.0,50.0,,,,,,0.0,0.0,0.0,13.0,0.0,35.0,,,,89.0,,349.0,232.0,,,,,58.9,67.5,50.4,
2012-12-01T00:00:00,GHCND:USC00041253,816.0,0.0,14.0,9.0,0.0,,,0.0,12.0,0.0,8.0,0.0,23.0,,,0.65,75.0,5.02,755.0,486.0,41.0,56.0,2.95,,49.3,63.0,35.6,784.2
2012-12-01T00:00:00,GHCND:USR0000CFIG,1775.0,0.0,,,,,,0.0,2.0,0.0,3.0,0.0,32.0,,,,71.0,,870.0,521.0,,,,,48.2,55.2,41.1,
2013-01-01T00:00:00,GHCND:USC00041253,0.0,0.0,8.0,6.0,0.0,,,0.0,18.0,0.0,11.0,0.0,21.0,,,0.52,79.0,1.89,1255.0,500.0,38.0,55.0,1.75,,48.9,65.8,31.9,829.5
2013-01-01T00:00:00,GHCND:USR0000CFIG,0.0,0.0,,,,,,0.0,5.0,0.0,6.0,0.0,30.0,,,,74.0,,1319.0,449.0,,,,,50.5,58.7,42.3,
2013-02-01T00:00:00,GHCND:USC00041253,0.0,0.0,6.0,3.0,0.0,,,0.0,17.0,0.0,11.0,0.0,26.0,,,0.16,80.0,2.57,1673.0,418.0,40.0,62.0,0.41,,50.1,67.6,32.6,864.9
2013-02-01T00:00:00,GHCND:USR0000CFIG,0.0,0.0,,,,,,0.0,4.0,0.0,4.0,0.0,29.0,,,,72.0,,1718.0,399.0,,,,,50.7,59.6,41.9,
2013-03-01T00:00:00,GHCND:USC00041253,0.0,0.0,5.0,1.0,0.0,,,0.0,3.0,0.0,25.0,0.0,31.0,,,0.66,89.0,5.98,1924.0,252.0,46.0,73.0,0.8,,56.9,75.7,38.0,1001.0
2013-03-01T00:00:00,GHCND:USR0000CFIG,22.0,22.0,,,,,,0.0,0.0,0.0,12.0,0.0,33.0,,,,80.0,,1959.0,241.0,,,,,57.9,66.8,49.0,
2013-04-01T00:00:00,GHCND:USC00041253,4.0,4.0,3.0,1.0,0.0,,,0.0,1.0,0.0,26.0,2.0,31.0,,,0.17,93.0,6.63,2074.0,149.0,49.0,81.0,0.19,,60.2,79.3,41.0,1293.7
2013-04-01T00:00:00,GHCND:USR0000CFIG,67.0,45.0,,,,,,0.0,1.0,0.0,17.0,0.0,32.0,,,,85.0,,2135.0,176.0,,,,,60.6,70.4,50.9,
2013-05-01T00:00:00,GHCND:USC00041253,52.0,48.0,1.0,0.0,0.0,,,0.0,1.0,0.0,30.0,7.0,32.0,,,0.02,103.0,8.81,2162.0,88.0,52.0,85.0,0.02,,63.7,83.8,43.5,1498.1
2013-05-01T00:00:00,GHCND:USR0000CFIG,186.0,119.0,,,,,,0.0,0.0,0.0,21.0,2.0,43.0,,,,91.0,,2235.0,100.0,,,,,65.6,75.2,56.0,
2013-06-01T00:00:00,GHCND:USC00041253,163.0,111.0,0.0,0.0,0.0,,,0.0,0.0,0.0,30.0,8.0,39.0,,,0.0,107.0,9.52,2175.0,12.0,56.0,91.0,0.0,,68.3,89.2,47.3,1227.2
2013-06-01T00:00:00,GHCND:USR0000CFIG,411.0,224.0,,,,,,0.0,0.0,0.0,29.0,6.0,48.0,,,,101.0,,2249.0,14.0,,,,,72.0,81.8,62.2,
2013-07-01T00:00:00,GHCND:USC00041253,367.0,204.0,1.0,0.0,0.0,,,0.0,0.0,0.0,31.0,25.0,44.0,,,0.02,107.0,9.6,0.0,0.0,58.0,93.0,0.02,,71.6,94.2,49.0,1076.8
2013-07-01T00:00:00,GHCND:USR0000CFIG,819.0,409.0,,,,,,0.0,0.0,0.0,31.0,8.0,62.0,,,,97.0,,0.0,0.0,,,,,78.2,86.4,69.9,
2013-08-01T00:00:00,GHCND:USC00041253,513.0,146.0,0.0,0.0,0.0,,,0.0,0.0,0.0,31.0,19.0,42.0,,,0.0,104.0,8.72,0.0,0.0,56.0,91.0,0.0,,69.7,92.4,47.0,1099.2
2013-08-01T00:00:00,GHCND:USR0000CFIG,1159.0,340.0,,,,,,0.0,0.0,0.0,31.0,5.0,60.0,,,,95.0,,0.0,0.0,,,,,76.0,84.7,67.2,
2013-09-01T00:00:00,GHCND:USC00041253,644.0,130.0,0.0,0.0,0.0,,,0.0,0.0,0.0,30.0,20.0,35.0,,,0.0,103.0,7.11,21.0,21.0,54.0,86.0,0.0,,68.6,91.3,46.0,1035.8
2013-09-01T00:00:00,GHCND:USR0000CFIG,1436.0,276.0,,,,,,0.0,0.0,0.0,27.0,4.0,48.0,,,,93.0,,27.0,27.0,,,,,73.3,82.4,64.2,
2013-10-01T00:00:00,GHCND:USC00041253,658.0,14.0,4.0,1.0,0.0,,,0.0,3.0,0.0,28.0,7.0,32.0,,,0.24,98.0,4.81,184.0,163.0,47.0,74.0,0.34,,60.2,82.0,38.4,921.5
2013-10-01T00:00:00,GHCND:USR0000CFIG,1522.0,86.0,,,,,,0.0,0.0,0.0,24.0,0.0,40.0,,,,84.0,,143.0,116.0,,,,,64.0,73.2,54.9,
2013-11-01T00:00:00,GHCND:USC00041253,658.0,0.0,5.0,2.0,0.0,,,0.0,3.0,0.0,21.0,1.0,32.0,,,0.66,90.0,3.16,436.0,252.0,43.0,65.0,1.15,,56.6,76.1,37.1,755.0
2013-11-01T00:00:00,GHCND:USR0000CFIG,1545.0,23.0,,,,,,0.0,0.0,0.0,12.0,0.0,43.0,,,,79.0,,358.0,215.0,,,,,58.6,66.4,50.8,
2013-12-01T00:00:00,GHCND:USC00041253,658.0,0.0,3.0,1.0,0.0,,,0.0,23.0,0.0,17.0,0.0,17.0,,,0.12,85.0,2.38,890.0,454.0,37.0,56.0,0.18,,50.4,71.1,29.6,734.5
2013-12-01T00:00:00,GHCND:USR0000CFIG,1562.0,17.0,,,,,,0.0,4.0,0.0,11.0,0.0,30.0,,,,77.0,,669.0,311.0,,,,,55.5,63.4,47.7,
2014-01-01T00:00:00,GHCND:USC00041253,0.0,0.0,1.0,0.0,0.0,,,0.0,10.0,0.0,27.0,0.0,28.0,,,0.02,89.0,3.74,1169.0,279.0,38.0,60.0,0.02,,56.0,77.7,34.3,794.7
2014-01-01T00:00:00,GHCND:USR0000CFIG,23.0,23.0,,,,,,0.0,0.0,0.0,19.0,0.0,39.0,,,,79.0,,791.0,121.0,,,,,61.8,69.8,53.9,
2014-02-01T00:00:00,GHCND:USC00041253,0.0,0.0,6.0,4.0,1.0,,,0.0,9.0,0.0,17.0,0.0,24.0,,,2.63,85.0,3.0,1492.0,323.0,42.0,65.0,4.12,,53.5,72.3,34.6,897.3
2014-02-01T00:00:00,GHCND:USR0000CFIG,42.0,19.0,,,,,,0.0,0.0,0.0,9.0,0.0,35.0,,,,81.0,,1071.0,280.0,,,,,55.7,63.5,47.9,
2014-03-01T00:00:00,GHCND:USC00041253,0.0,0.0,6.0,3.0,1.0,,,0.0,1.0,0.0,26.0,1.0,31.0,,,2.82,92.0,5.27,1746.0,253.0,46.0,74.0,3.52,,56.8,75.2,38.5,1166.3
2014-03-01T00:00:00,GHCND:USR0000CFIG,53.0,11.0,,,,,,0.0,0.0,0.0,9.0,0.0,38.0,,,,81.0,,1331.0,259.0,,,,,57.0,65.4,48.5,
2014-04-01T00:00:00,GHCND:USC00041253,6.0,5.0,3.0,2.0,0.0,,,0.0,2.0,0.0,23.0,4.0,31.0,,,0.31,94.0,6.4,1947.0,201.0,47.0,79.0,0.65,,58.5,77.8,39.1,1152.0
2014-04-01T00:00:00,GHCND:USR0000CFIG,99.0,46.0,,,,,,0.0,0.0,0.0,16.0,0.0,36.0,,,,86.0,,1549.0,218.0,,,,,59.3,68.8,49.8,
2014-05-01T00:00:00,GHCND:USC00041253,119.0,113.0,0.0,0.0,0.0,,,0.0,0.0,0.0,29.0,13.0,37.0,,,0.0,105.0,10.42,2015.0,67.0,54.0,86.0,0.0,,66.5,86.0,47.0,1317.3
2014-05-01T00:00:00,GHCND:USR0000CFIG,255.0,156.0,,,,,,0.0,0.0,0.0,22.0,1.0,40.0,,,,94.0,,1657.0,108.0,,,,,66.6,75.5,57.6,
2014-06-01T00:00:00,GHCND:USC00041253,193.0,74.0,0.0,0.0,0.0,,,0.0,0.0,0.0,30.0,9.0,41.0,,,0.0,99.0,10.4,2029.0,14.0,57.0,89.0,0.0,,67.0,87.4,46.5,1170.0
2014-06-01T00:00:00,GHCND:USR0000CFIG,482.0,227.0,,,,,,0.0,0.0,0.0,30.0,2.0,49.0,,,,91.0,,1670.0,13.0,,,,,72.1,80.8,63.5,
2014-07-01T00:00:00,GHCND:USC00041253,424.0,231.0,0.0,0.0,0.0,,,0.0,0.0,0.0,31.0,26.0,45.0,,,0.0,102.0,11.57,0.0,0.0,62.0,92.0,0.0,,72.4,94.1,50.8,991.7
2014-07-01T00:00:00,GHCND:USR0000CFIG,848.0,366.0,,,,,,0.0,0.0,0.0,31.0,9.0,56.0,,,,96.0,,0.0,0.0,,,,,76.8,85.7,67.9,
2014-08-01T00:00:00,GHCND:USC00041253,665.0,241.0,0.0,0.0,0.0,,,0.0,0.0,0.0,31.0,25.0,45.0,,,0.0,101.0,12.04,0.0,0.0,62.0,92.0,0.0,,72.8,94.0,51.5,953.2
2014-08-01T00:00:00,GHCND:USR0000CFIG,1167.0,320.0,,,,,,0.0,0.0,0.0,31.0,5.0,52.0,,,,95.0,,0.0,0.0,,,,,75.3,84.9,65.7,
2014-09-01T00:00:00,GHCND:USC00041253,811.0,146.0,0.0,0.0,0.0,,,0.0,0.0,0.0,30.0,20.0,39.0,,,0.0,101.0,8.67,5.0,5.0,60.0,87.0,0.0,,69.7,92.1,47.3,1007.9
2014-09-01T00:00:00,GHCND:USR0000CFIG,1443.0,275.0,,,,,,0.0,0.0,0.0,28.0,7.0,47.0,,,,95.0,,16.0,16.0,,,,,73.6,83.0,64.3,
2014-10-01T00:00:00,GHCND:USC00041253,896.0,85.0,0.0,0.0,0.0,,,0.0,0.0,0.0,31.0,12.0,35.0,,,0.0,106.0,6.26,50.0,45.0,54.0,78.0,0.0,,66.3,89.6,43.0,838.2
2014-10-01T00:00:00,GHCND:USR0000CFIG,1654.0,211.0,,,,,,0.0,0.0,0.0,28.0,5.0,45.0,,,,96.0,,62.0,46.0,,,,,70.3,79.4,61.2,
2014-11-01T00:00:00,GHCND:USC00041253,904.0,8.0,4.0,2.0,0.0,,,0.0,3.0,0.0,27.0,4.0,29.0,,,0.72,91.0,4.44,242.0,192.0,47.0,67.0,0.87,,58.9,77.9,39.9,791.0
2014-11-01T00:00:00,GHCND:USR0000CFIG,1710.0,56.0,,,,,,0.0,0.0,0.0,13.0,0.0,43.0,,,,82.0,,251.0,188.0,,,,,60.6,68.1,53.1,
2014-12-01T00:00:00,GHCND:USC00041253,904.0,0.0,9.0,6.0,2.0,,,0.0,8.0,0.0,11.0,0.0,20.0,,,3.18,80.0,1.54,650.0,408.0,47.0,62.0,5.88,,51.8,66.7,36.9,902.9
2014-12-01T00:00:00,GHCND:USR0000CFIG,1713.0,2.0,,,,,,0.0,2.0,0.0,1.0,0.0,30.0,,,,75.0,,679.0,429.0,,,,,51.3,57.3,45.2,
2015-01-01T00:00:00,GHCND:USC00041253,0.0,0.0,6.0,2.0,0.0,,,0.0,15.0,0.0,21.0,0.0,19.0,,,0.63,81.0,2.44,1041.0,391.0,44.0,63.0,0.83,,52.4,71.2,33.5,530.7
2015-01-01T00:00:00,GHCND:USR0000CFIG,8.0,8.0,,,,,,0.0,0.0,0.0,8.0,0.0,34.0,,,,76.0,,913.0,233.0,,,,,57.7,64.6,50.9,
2015-02-01T00:00:00,GHCND:USC00041253,0.0,0.0,4.0,2.0,0.0,,,0.0,0.0,0.0,22.0,0.0,33.0,,,0.32,86.0,3.29,1278.0,236.0,48.0,71.0,0.51,,56.6,74.8,38.3,737.6
2015-02-01T00:00:00,GHCND:USR0000CFIG,27.0,18.0,,,,,,0.0,0.0,0.0,12.0,0.0,38.0,,,,77.0,,1102.0,189.0,,,,,58.9,66.5,51.3,
2015-03-01T00:00:00,GHCND:USC00041253,20.0,20.0,2.0,0.0,0.0,,,0.0,5.0,0.0,26.0,9.0,27.0,,,0.06,94.0,6.39,1457.0,180.0,50.0,77.0,0.08,,59.8,81.7,38.0,943.2
2015-03-01T00:00:00,GHCND:USR0000CFIG,93.0,66.0,,,,,,0.0,0.0,0.0,21.0,0.0,37.0,,,,83.0,,1240.0,137.0,,,,,62.7,71.3,54.0,
2015-04-01T00:00:00,GHCND:USC00041253,23.0,3.0,3.0,2.0,0.0,,,0.0,8.0,0.0,25.0,2.0,29.0,,,0.23,94.0,8.5,1685.0,228.0,49.0,78.0,0.36,,57.5,79.0,36.0,1189.9
2015-04-01T00:00:00,GHCND:USR0000CFIG,122.0,29.0,,,,,,0.0,0.0,0.0,16.0,0.0,36.0,,,,84.0,,1461.0,221.0,,,,,58.6,68.1,49.1,
2015-05-01T00:00:00,GHCND:USC00041253,34.0,11.0,2.0,1.0,0.0,,,0.0,0.0,0.0,29.0,3.0,35.0,,,0.23,92.0,8.79,1815.0,129.0,54.0,82.0,0.26,,61.2,78.3,44.1,1344.6
2015-05-01T00:00:00,GHCND:USR0000CFIG,164.0,42.0,,,,,,0.0,0.0,0.0,9.0,0.0,38.0,,,,85.0,,1747.0,286.0,,,,,57.1,66.5,47.7,
2015-06-01T00:00:00,GHCND:USC00041253,141.0,107.0,1.0,1.0,0.0,,,0.0,0.0,0.0,30.0,18.0,39.0,,,0.42,102.0,11.39,1831.0,16.0,60.0,90.0,0.42,,68.0,90.1,45.9,1150.2
2015-06-01T00:00:00,GHCND:USR0000CFIG,468.0,304.0,,,,,,0.0,0.0,0.0,27.0,6.0,45.0,,,,94.0,,1775.0,27.0,,,,,74.2,82.6,65.8,
2015-07-01T00:00:00,GHCND:USC00041253,326.0,186.0,1.0,0.0,0.0,,,0.0,0.0,0.0,31.0,18.0,44.0,,,0.03,106.0,11.69,1.0,1.0,62.0,90.0,0.03,,70.9,91.3,50.6,1150.2
2015-07-01T00:00:00,GHCND:USR0000CFIG,688.0,220.0,,,,,,0.0,0.0,0.0,30.0,0.0,48.0,,,,89.0,,15.0,15.0,,,,,71.6,80.2,63.0,
2015-08-01T00:00:00,GHCND:USC00041253,577.0,250.0,0.0,0.0,0.0,,,0.0,0.0,0.0,31.0,24.0,42.0,,,0.0,109.0,15.02,1.0,0.0,63.0,92.0,0.0,,73.1,94.3,51.8,1114.1
2015-08-01T00:00:00,GHCND:USR0000CFIG,1028.0,340.0,,,,,,0.0,0.0,0.0,31.0,7.0,56.0,,,,98.0,,15.0,0.0,,,,,76.0,85.2,66.8,
2015-09-01T00:00:00,GHCND:USC00041253,812.0,235.0,1.0,1.0,0.0,,,0.0,0.0,0.0,30.0,21.0,39.0,,,0.15,106.0,10.02,16.0,14.0,61.0,89.0,0.15,,72.4,94.6,50.1,877.4
2015-09-01T00:00:00,GHCND:USR0000CFIG,1342.0,314.0,,,,,,0.0,0.0,0.0,29.0,10.0,52.0,,,,96.0,,28.0,13.0,,,,,75.0,84.8,65.2,
2015-10-01T00:00:00,GHCND:USC00041253,916.0,104.0,3.0,1.0,0.0,,,0.0,0.0,0.0,31.0,13.0,37.0,,,0.24,104.0,5.73,63.0,47.0,57.0,81.0,0.3,,66.8,88.6,45.1,987.4
2015-10-01T00:00:00,GHCND:USR0000CFIG,1527.0,184.0,,,,,,0.0,0.0,0.0,27.0,5.0,46.0,,,,94.0,,64.0,36.0,,,,,69.8,78.5,61.1,
2015-11-01T00:00:00,GHCND:USC00041253,933.0,17.0,4.0,2.0,0.0,,,0.0,4.0,0.0,16.0,1.0,28.0,,,0.4,95.0,3.32,323.0,260.0,43.0,64.0,0.73,,56.9,73.7,40.1,820.8
2015-11-01T00:00:00,GHCND:USR0000CFIG,1553.0,26.0,,,,,,0.0,0.0,0.0,10.0,0.0,35.0,,,,82.0,,387.0,322.0,,,,,55.1,63.5,46.8,
2015-12-01T00:00:00,GHCND:USC00041253,933.0,0.0,6.0,4.0,0.0,,,0.0,12.0,0.0,8.0,0.0,25.0,,,0.36,82.0,2.52,775.0,452.0,39.0,56.0,1.12,,50.4,65.6,35.3,1047.0
2015-12-01T00:00:00,GHCND:USR0000CFIG,1562.0,8.0,,,,,,0.0,3.0,0.0,3.0,0.0,31.0,,,,76.0,,885.0,499.0,,,,,49.2,56.1,42.3,
2016-01-01T00:00:00,GHCND:USC00041253,0.0,0.0,11.0,6.0,1.0,,,0.0,4.0,0.0,8.0,0.0,28.0,,,1.1,75.0,9.02,1151.0,376.0,44.0,59.0,4.03,,52.9,65.0,40.7,925.8
2016-01-01T00:00:00,GHCND:USR0000CFIG,0.0,0.0,,,,,,0.0,0.0,0.0,2.0,0.0,33.0,,,,70.0,,1338.0,452.0,,,,,50.4,56.4,44.4,
2016-02-01T00:00:00,GHCND:USC00041253,20.0,20.0,2.0,2.0,0.0,,,0.0,3.0,0.0,21.0,2.0,27.0,,,0.98,92.0,4.31,1328.0,176.0,45.0,69.0,1.65,,59.6,77.3,41.9,896.6
2016-02-01T00:00:00,GHCND:USR0000CFIG,49.0,49.0,,,,,,0.0,1.0,0.0,17.0,0.0,32.0,,,,82.0,,1474.0,136.0,,,,,61.8,69.3,54.2,
2016-03-01T00:00:00,GHCND:USC00041253,22.0,2.0,6.0,5.0,0.0,,,0.0,0.0,0.0,20.0,0.0,37.0,,,0.86,89.0,5.9,1545.0,217.0,50.0,74.0,3.02,,58.1,72.4,43.8,1173.8
2016-03-01T00:00:00,GHCND:USR0000CFIG,53.0,4.0,,,,,,0.0,0.0,0.0,9.0,0.0,33.0,,,,74.0,,1781.0,307.0,,,,,55.2,62.7,47.7,
2016-04-01T00:00:00,GHCND:USC00041253,68.0,46.0,4.0,1.0,0.0,,,0.0,0.0,0.0,28.0,5.0,41.0,,,0.14,97.0,9.04,1622.0,78.0,50.0,80.0,0.24,,63.9,79.5,48.4,1365.8
2016-04-01T00:00:00,GHCND:USR0000CFIG,80.0,27.0,,,,,,0.0,0.0,0.0,12.0,0.0,37.0,,,,84.0,,1997.0,215.0,,,,,58.7,68.1,49.4,
2016-05-01T00:00:00,GHCND:USC00041253,104.0,36.0,1.0,1.0,0.0,,,0.0,0.0,0.0,30.0,1.0,47.0,,,0.36,90.0,10.42,1659.0,36.0,56.0,84.0,0.36,,65.0,78.7,51.3,1170.7
2016-05-01T00:00:00,GHCND:USR0000CFIG,119.0,39.0,,,,,,0.0,0.0,0.0,15.0,0.0,38.0,,,,84.0,,2187.0,190.0,,,,,60.1,69.1,51.2,
2016-06-01T00:00:00,GHCND:USC00041253,400.0,296.0,0.0,0.0,0.0,,,0.0,0.0,0.0,30.0,19.0,50.0,,,0.0,107.0,15.11,1660.0,1.0,59.0,91.0,0.0,,74.8,93.3,56.4,1074.4
2016-06-01T00:00:00,GHCND:USR0000CFIG,497.0,377.0,,,,,,0.0,0.0,0.0,27.0,14.0,46.0,,,,99.0,,2217.0,30.0,,,,,76.5,85.6,67.5,
2016-07-01T00:00:00,GHCND:USC00041253,698.0,298.0,0.0,0.0,0.0,,,0.0,0.0,0.0,31.0,23.0,48.0,,,0.0,105.0,15.07,0.0,0.0,59.0,91.0,0.0,,74.6,94.4,54.8,1193.0
2016-07-01T00:00:00,GHCND:USR0000CFIG,897.0,400.0,,,,,,0.0,0.0,0.0,31.0,11.0,61.0,,,,100.0,,0.0,0.0,,,,,77.9,87.2,68.6,
2016-08-01T00:00:00,GHCND:USC00041253,944.0,245.0,0.0,0.0,0.0,,,0.0,0.0,0.0,31.0,22.0,45.0,,,0.0,105.0,14.29,0.0,0.0,59.0,89.0,0.0,,72.9,92.7,53.1,1124.1
2016-08-01T00:00:00,GHCND:USR0000CFIG,1277.0,380.0,,,,,,0.0,0.0,0.0,31.0,7.0,59.0,,,,96.0,,0.0,0.0,,,,,77.3,85.8,68.7,
2016-09-01T00:00:00,GHCND:USC00041253,1188.0,244.0,0.0,0.0,0.0,,,0.0,0.0,0.0,30.0,17.0,43.0,,,0.0,107.0,11.74,5.0,5.0,56.0,83.0,0.0,,72.9,91.1,54.8,1070.6
2016-09-01T00:00:00,GHCND:USR0000CFIG,1524.0,247.0,,,,,,0.0,0.0,0.0,28.0,6.0,47.0,,,,98.0,,31.0,31.0,,,,,72.2,82.1,62.2,
2016-10-01T00:00:00,GHCND:USC00041253,1267.0,79.0,6.0,2.0,0.0,,,0.0,0.0,0.0,31.0,8.0,41.0,,,0.72,97.0,6.58,37.0,32.0,51.0,75.0,1.13,,66.5,83.7,49.4,1032.1
2016-10-01T00:00:00,GHCND:USR0000CFIG,1597.0,73.0,,,,,,0.0,0.0,0.0,19.0,0.0,46.0,,,,87.0,,126.0,95.0,,,,,64.3,73.1,55.5,
2016-11-01T00:00:00,GHCND:USC00041253,1338.0,72.0,3.0,2.0,0.0,,,0.0,2.0,0.0,24.0,5.0,30.0,,,0.62,93.0,5.23,194.0,156.0,47.0,67.0,1.21,,62.2,77.8,46.5,983.0
2016-11-01T00:00:00,GHCND:USR0000CFIG,1669.0,71.0,,,,,,0.0,0.0,0.0,15.0,0.0,38.0,,,,83.0,,331.0,205.0,,,,,60.5,68.3,52.8,
2016-12-01T00:00:00,GHCND:USC00041253,1338.0,0.0,5.0,3.0,1.0,,,0.0,7.0,0.0,12.0,0.0,27.0,,,1.01,78.0,1.92,589.0,396.0,43.0,59.0,1.93,,52.2,66.4,38.0,894.8
2016-12-01T00:00:00,GHCND:USR0000CFIG,1669.0,0.0,,,,,,0.0,3.0,0.0,3.0,0.0,31.0,,,,73.0,,739.0,408.0,,,,,51.9,58.4,45.3,
2017-01-01T00:00:00,GHCND:USC00041253,0.0,0.0,16.0,13.0,3.0,,,0.0,5.0,0.0,4.0,0.0,28.0,,,1.54,78.0,13.04,1016.0,427.0,42.0,58.0,8.82,,51.2,62.1,40.3,710.2
2017-01-01T00:00:00,GHCND:USR0000CFIG,1.0,1.0,,,,,,0.0,1.0,0.0,2.0,0.0,32.0,,,,72.0,,1283.0,544.0,,,,,47.5,53.4,41.5,
2017-02-01T00:00:00,GHCND:USC00041253,1.0,1.0,17.0,11.0,2.0,,,0.0,1.0,0.0,6.0,0.0,29.0,,,5.34,79.0,,1298.0,282.0,48.0,67.0,10.61,,54.9,64.6,45.3,
2017-02-01T00:00:00,GHCND:USR0000CFIG,1.0,0.0,,,,,,0.0,1.0,0.0,1.0,0.0,31.0,,,,70.0,,1734.0,451.0,,,,,48.9,54.7,43.1,
2017-03-01T00:00:00,GHCND:USC00041253,27.0,26.0,6.0,3.0,0.0,,,0.0,0.0,0.0,24.0,2.0,38.0,,,0.32,91.0,6.21,1437.0,138.0,49.0,76.0,0.83,,61.4,75.8,47.0,798.5
2017-03-01T00:00:00,GHCND:USR0000CFIG,36.0,34.0,,,,,,0.0,1.0,0.0,14.0,0.0,32.0,,,,82.0,,1993.0,258.0,,,,,57.8,66.5,49.1,
2017-04-01T00:00:00,GHCND:USC00041253,39.0,11.0,3.0,0.0,0.0,,,0.0,0.0,0.0,27.0,1.0,34.0,,,0.09,91.0,8.44,1557.0,120.0,51.0,81.0,0.2,,61.4,78.2,44.6,1273.8
2017-04-01T00:00:00,GHCND:USR0000CFIG,46.0,10.0,,,,,,0.0,0.0,0.0,15.0,0.0,38.0,,,,84.0,,2183.0,191.0,,,,,59.0,68.2,49.8,
2017-05-01T00:00:00,GHCND:USC00041253,121.0,82.0,3.0,1.0,0.0,,,0.0,0.0,0.0,28.0,9.0,39.0,,,0.26,97.0,11.54,1630.0,74.0,56.0,88.0,0.32,,65.3,81.2,49.3,685.4
2017-05-01T00:00:00,GHCND:USR0000CFIG,155.0,109.0,,,,,,0.0,0.0,0.0,18.0,0.0,37.0,,,,87.0,,2360.0,177.0,,,,,62.8,72.8,52.8,
2017-06-01T00:00:00,GHCND:USC00041253,321.0,200.0,0.0,0.0,0.0,,,0.0,0.0,0.0,30.0,16.0,44.0,,,0.0,103.0,13.11,1634.0,4.0,60.0,93.0,0.0,,71.5,89.9,53.2,240.5
2017-06-01T00:00:00,GHCND:USR0000CFIG,480.0,325.0,,,,,,0.0,0.0,0.0,28.0,11.0,40.0,,,,97.0,,2394.0,34.0,,,,,74.7,83.7,65.7,
2017-07-01T00:00:00,GHCND:USC00041253,626.0,304.0,0.0,0.0,0.0,,,0.0,0.0,0.0,31.0,28.0,46.0,,,0.0,110.0,14.55,0.0,0.0,63.0,95.0,0.0,,74.8,96.5,53.1,743.2
2017-07-01T00:00:00,GHCND:USR0000CFIG,971.0,491.0,,,,,,0.0,0.0,0.0,31.0,12.0,63.0,,,,104.0,,0.0,0.0,,,,,80.9,89.6,72.1,
2017-08-01T00:00:00,GHCND:USC00041253,875.0,249.0,0.0,0.0,0.0,,,0.0,0.0,0.0,31.0,25.0,45.0,,,0.0,107.0,16.99,2.0,1.0,62.0,91.0,0.0,,73.0,94.2,51.7,1066.9
2017-08-01T00:00:00,GHCND:USR0000CFIG,1409.0,438.0,,,,,,0.0,0.0,0.0,31.0,9.0,47.0,,,,102.0,,6.0,6.0,,,,,78.9,87.0,70.8,
2017-09-01T00:00:00,GHCND:USC00041253,1090.0,215.0,1.0,1.0,0.0,,,0.0,0.0,0.0,30.0,16.0,37.0,,,0.45,114.0,11.56,25.0,23.0,61.0,89.0,0.45,,71.4,90.6,52.2,858.1
2017-09-01T00:00:00,GHCND:USR0000CFIG,1607.0,198.0,,,,,,0.0,0.0,0.0,26.0,3.0,48.0,,,,106.0,,40.0,34.0,,,,,70.5,79.6,61.4,
2017-10-01T00:00:00,GHCND:USC00041253,1184.0,93.0,0.0,0.0,0.0,,,0.0,1.0,0.0,30.0,16.0,31.0,,,0.0,105.0,7.57,88.0,63.0,53.0,79.0,0.0,,66.0,88.5,43.4,956.9
2017-10-01T00:00:00,GHCND:USR0000CFIG,1838.0,230.0,,,,,,0.0,0.0,0.0,27.0,4.0,46.0,,,,96.0,,96.0,56.0,,,,,70.6,79.8,61.4,
2017-11-01T00:00:00,GHCND:USC00041253,1213.0,29.0,2.0,0.0,0.0,,,0.0,3.0,0.0,28.0,5.0,28.0,,,0.05,96.0,3.98,268.0,181.0,50.0,69.0,0.07,,59.9,78.0,41.8,745.6
2017-11-01T00:00:00,GHCND:USR0000CFIG,1898.0,60.0,,,,,,0.0,0.0,0.0,10.0,0.0,41.0,,,,87.0,,272.0,176.0,,,,,61.1,69.1,53.1,
2017-12-01T00:00:00,GHCND:USC00041253,1213.0,0.0,0.0,0.0,0.0,,,0.0,19.0,0.0,24.0,0.0,20.0,,,0.0,86.0,3.68,646.0,378.0,40.0,60.0,0.0,,52.8,74.5,31.2,384.6
2017-12-01T00:00:00,GHCND:USR0000CFIG,1927.0,29.0,,,,,,0.0,0.0,0.0,15.0,0.0,34.0,,,,79.0,,441.0,168.0,,,,,60.5,68.0,53.0,
2018-01-01T00:00:00,GHCND:USC00041253,0.0,0.0,6.0,4.0,1.0,,,0.0,9.0,0.0,23.0,0.0,25.0,,,2.8,86.0,3.52,975.0,328.0,45.0,64.0,3.76,,54.4,72.9,35.9,
2018-01-01T00:00:00,GHCND:USR0000CFIG,22.0,22.0,,,,,,0.0,0.0,0.0,12.0,0.0,35.0,,,,78.0,,679.0,238.0,,,,,58.0,65.0,51.0,
2018-02-01T00:00:00,GHCND:USC00041253,4.0,4.0,2.0,1.0,0.0,,,0.0,9.0,0.0,17.0,0.0,24.0,,,0.11,88.0,3.92,1271.0,296.0,41.0,66.0,0.16,,54.6,73.5,35.6,
2018-02-01T00:00:00,GHCND:USR0000CFIG,55.0,33.0,,,,,,0.0,5.0,0.0,9.0,0.0,29.0,,,,79.0,,1045.0,365.0,,,,,53.1,61.3,44.9,
2018-03-01T00:00:00,GHCND:USC00041253,4.0,0.0,,,,,,0.0,3.0,0.0,12.0,0.0,30.0,,,,85.0,,1596.0,325.0,,,,,54.5,68.4,40.6,
2018-03-01T00:00:00,GHCND:USR0000CFIG,58.0,4.0,,,,,,0.0,0.0,0.0,5.0,0.0,33.0,,,,75.0,,1493.0,448.0,,,,,50.7,57.7,43.6,
