date,station,CDSD,CLDD,DP01,DP10,DP1X,DSND,DSNW,DT00,DT32,DX32,DX70,DX90,EMNT,EMSD,EMSN,EMXP,EMXT,HDSD,HTDD,PRCP,SNOW,TAVG,TMAX,TMIN
1994-01-01T00:00:00,GHCND:USC00048351,0.0,0.0,10.0,4.0,1.0,0.0,0.0,0.0,8.0,0.0,0.0,0.0,30.0,0.0,0.0,1.16,67.0,,449.0,3.36,0.0,47.6,59.5,35.8
1994-02-01T00:00:00,GHCND:USC00048351,0.0,0.0,11.0,9.0,1.0,0.0,0.0,0.0,7.0,0.0,1.0,0.0,27.0,0.0,0.0,1.0,73.0,,385.0,5.46,0.0,49.1,60.9,37.3
1994-03-01T00:00:00,GHCND:USC00048351,2.0,2.0,2.0,1.0,0.0,0.0,0.0,0.0,1.0,0.0,17.0,0.0,31.0,0.0,0.0,0.21,82.0,,244.0,0.23,0.0,56.2,71.0,41.3
1994-04-01T00:00:00,GHCND:USC00048351,,,6.0,4.0,0.0,0.0,0.0,0.0,0.0,,,,37.0,0.0,0.0,0.59,,,,1.33,0.0,,,42.7
1994-05-01T00:00:00,GHCND:USC00048351,,14.0,5.0,3.0,0.0,0.0,0.0,0.0,0.0,0.0,21.0,1.0,41.0,0.0,0.0,0.6,90.0,,96.0,1.37,0.0,62.0,76.6,47.4
1994-06-01T00:00:00,GHCND:USC00048351,,92.0,1.0,0.0,0.0,0.0,0.0,0.0,0.0,0.0,28.0,12.0,44.0,0.0,0.0,0.05,105.0,,11.0,0.05,0.0,68.0,87.5,48.5
1994-07-01T00:00:00,GHCND:USC00048351,,90.0,0.0,0.0,0.0,0.0,0.0,0.0,0.0,0.0,30.0,6.0,46.0,0.0,0.0,0.0,96.0,4.0,4.0,0.0,0.0,67.9,84.6,51.1
1994-08-01T00:00:00,GHCND:USC00048351,,134.0,0.0,0.0,0.0,0.0,0.0,0.0,0.0,0.0,27.0,13.0,46.0,0.0,0.0,0.0,102.0,5.0,0.0,0.0,0.0,70.2,90.1,50.2
1994-09-01T00:00:00,GHCND:USC00048351,,85.0,0.0,0.0,0.0,0.0,0.0,0.0,0.0,0.0,28.0,5.0,44.0,0.0,0.0,0.0,98.0,12.0,7.0,0.0,0.0,67.9,86.0,49.9
1994-10-01T00:00:00,GHCND:USC00048351,,12.0,2.0,2.0,0.0,0.0,0.0,0.0,0.0,0.0,29.0,0.0,36.0,0.0,0.0,0.44,88.0,114.0,102.0,0.59,0.0,61.8,78.9,44.8
1994-11-01T00:00:00,GHCND:USC00048351,,0.0,9.0,5.0,2.0,0.0,0.0,0.0,7.0,0.0,1.0,0.0,28.0,0.0,0.0,2.0,78.0,564.0,450.0,6.49,0.0,48.4,59.6,37.2
1994-12-01T00:00:00,GHCND:USC00048351,,0.0,12.0,9.0,0.0,0.0,0.0,0.0,7.0,0.0,0.0,0.0,26.0,0.0,0.0,0.9,64.0,1071.0,508.0,3.91,0.0,45.6,54.8,36.3
1995-01-01T00:00:00,GHCND:USC00048351,0.0,0.0,20.0,18.0,7.0,0.0,0.0,0.0,2.0,0.0,1.0,0.0,31.0,0.0,0.0,4.28,70.0,1475.0,403.0,20.29,0.0,51.2,57.5,44.8
1995-02-01T00:00:00,GHCND:USC00048351,0.0,0.0,2.0,2.0,0.0,0.0,0.0,0.0,2.0,0.0,5.0,0.0,29.0,0.0,0.0,0.64,78.0,1762.0,287.0,0.82,0.0,54.0,63.6,44.4
1995-03-01T00:00:00,GHCND:USC00048351,0.0,0.0,16.0,14.0,4.0,0.0,0.0,0.0,0.0,0.0,4.0,0.0,33.0,0.0,0.0,2.9,74.0,2115.0,353.0,13.3,0.0,52.8,63.0,42.5
1995-04-01T00:00:00,GHCND:USC00048351,0.0,0.0,11.0,8.0,0.0,0.0,0.0,0.0,0.0,0.0,10.0,0.0,34.0,0.0,0.0,0.25,82.0,2329.0,214.0,1.33,0.0,57.1,69.5,44.6
1995-05-01T00:00:00,GHCND:USC00048351,6.0,6.0,7.0,2.0,1.0,0.0,0.0,0.0,0.0,0.0,15.0,1.0,42.0,0.0,0.0,1.1,91.0,2472.0,142.0,1.89,0.0,60.0,72.1,47.9
1995-06-01T00:00:00,GHCND:USC00048351,83.0,77.0,3.0,2.0,0.0,0.0,0.0,0.0,0.0,0.0,22.0,5.0,43.0,0.0,0.0,0.88,103.0,2515.0,43.0,1.04,0.0,66.5,81.1,51.9
1995-07-01T00:00:00,GHCND:USC00048351,,,0.0,0.0,0.0,0.0,0.0,0.0,0.0,,,,49.0,0.0,0.0,0.0,,,,0.0,0.0,,,55.1
1995-08-01T00:00:00,GHCND:USC00048351,,173.0,0.0,0.0,0.0,0.0,0.0,0.0,0.0,0.0,27.0,12.0,45.0,0.0,0.0,0.0,102.0,,4.0,0.0,0.0,71.1,90.4,51.9
1995-09-01T00:00:00,GHCND:USC00048351,,,0.0,0.0,0.0,0.0,0.0,0.0,0.0,,,,46.0,0.0,0.0,0.0,,,,0.0,0.0,,,51.3
1995-10-01T00:00:00,GHCND:USC00048351,,,0.0,0.0,0.0,0.0,0.0,0.0,0.0,,,,37.0,0.0,0.0,0.0,,,,0.0,0.0,,,46.3
1995-11-01T00:00:00,GHCND:USC00048351,,0.0,2.0,1.0,0.0,0.0,0.0,0.0,0.0,0.0,22.0,0.0,36.0,0.0,0.0,0.17,81.0,,204.0,0.25,0.0,57.8,72.5,43.2
1995-12-01T00:00:00,GHCND:USC00048351,,0.0,14.0,9.0,2.0,0.0,0.0,0.0,0.0,0.0,0.0,0.0,33.0,0.0,0.0,3.45,68.0,,391.0,9.95,0.0,52.0,60.2,43.7
1996-01-01T00:00:00,GHCND:USC00048351,0.0,0.0,14.0,10.0,3.0,0.0,0.0,0.0,0.0,0.0,1.0,0.0,34.0,0.0,0.0,3.1,70.0,,476.0,8.96,0.0,49.1,57.8,40.5
1996-02-01T00:00:00,GHCND:USC00048351,0.0,0.0,16.0,13.0,1.0,0.0,0.0,0.0,2.0,0.0,7.0,0.0,27.0,0.0,0.0,2.0,75.0,,293.0,8.26,0.0,53.6,63.5,43.7
1996-03-01T00:00:00,GHCND:USC00048351,0.0,0.0,7.0,4.0,1.0,0.0,0.0,0.0,1.0,0.0,11.0,0.0,32.0,0.0,0.0,1.35,83.0,,263.0,2.61,0.0,55.3,69.4,41.1
1996-04-01T00:00:00,GHCND:USC00048351,19.0,19.0,7.0,5.0,1.0,0.0,0.0,0.0,0.0,0.0,14.0,1.0,36.0,0.0,0.0,2.37,94.0,,190.0,3.49,0.0,58.6,72.7,44.4
1996-05-01T00:00:00,GHCND:USC00048351,60.0,41.0,6.0,4.0,2.0,0.0,0.0,0.0,0.0,0.0,24.0,3.0,37.0,0.0,0.0,1.51,94.0,,118.0,3.37,0.0,62.4,76.9,47.9
1996-06-01T00:00:00,GHCND:USC00048351,167.0,107.0,0.0,0.0,0.0,0.0,0.0,0.0,0.0,0.0,25.0,8.0,43.0,0.0,0.0,0.0,103.0,,17.0,0.0,0.0,68.7,86.9,50.5
1996-07-01T00:00:00,GHCND:USC00048351,,,0.0,0.0,0.0,0.0,0.0,0.0,0.0,,,,47.0,0.0,0.0,0.0,,,,0.0,0.0,,,53.3
1996-08-01T00:00:00,GHCND:USC00048351,,,0.0,0.0,0.0,0.0,0.0,0.0,0.0,,,,46.0,0.0,0.0,0.0,,,,0.0,0.0,,,52.5
1996-09-01T00:00:00,GHCND:USC00048351,,64.0,1.0,1.0,0.0,0.0,0.0,0.0,0.0,0.0,28.0,7.0,44.0,0.0,0.0,0.17,96.0,,11.0,0.17,0.0,67.0,84.3,49.6
1996-10-01T00:00:00,GHCND:USC00048351,,45.0,5.0,3.0,1.0,0.0,0.0,0.0,0.0,0.0,21.0,4.0,35.0,0.0,0.0,1.51,99.0,,110.0,2.17,0.0,62.6,77.9,47.2
1996-11-01T00:00:00,GHCND:USC00048351,,0.0,7.0,6.0,1.0,0.0,0.0,0.0,0.0,0.0,8.0,0.0,35.0,0.0,0.0,1.65,74.0,,256.0,3.48,0.0,55.0,66.2,43.9
1996-12-01T00:00:00,GHCND:USC00048351,,0.0,18.0,15.0,5.0,0.0,0.0,0.0,3.0,0.0,1.0,0.0,29.0,0.0,0.0,2.1,70.0,,419.0,13.11,0.0,50.4,58.8,42.0
1997-01-01T00:00:00,GHCND:USC00048351,0.0,0.0,11.0,9.0,3.0,0.0,0.0,0.0,2.0,0.0,0.0,0.0,24.0,0.0,0.0,2.42,65.0,,485.0,10.35,0.0,48.8,56.6,41.1
1997-02-01T00:00:00,GHCND:USC00048351,0.0,0.0,5.0,1.0,0.0,0.0,0.0,0.0,1.0,0.0,4.0,0.0,32.0,0.0,0.0,0.51,74.0,,280.0,0.65,0.0,52.7,66.0,39.3
1997-03-01T00:00:00,GHCND:USC00048351,1.0,1.0,3.0,3.0,0.0,0.0,0.0,0.0,2.0,0.0,18.0,0.0,30.0,0.0,0.0,0.46,82.0,,249.0,1.02,0.0,56.2,71.2,41.2
1997-04-01T00:00:00,GHCND:USC00048351,7.0,6.0,5.0,3.0,0.0,0.0,0.0,0.0,0.0,0.0,22.0,0.0,35.0,0.0,0.0,0.52,86.0,,146.0,0.78,0.0,59.9,73.8,46.0
1997-05-01T00:00:00,GHCND:USC00048351,108.0,101.0,2.0,1.0,0.0,0.0,0.0,0.0,0.0,0.0,30.0,5.0,40.0,0.0,0.0,0.38,101.0,,43.0,0.39,0.0,66.8,83.9,49.8
1997-06-01T00:00:00,GHCND:USC00048351,214.0,106.0,2.0,1.0,0.0,0.0,0.0,0.0,0.0,0.0,25.0,8.0,47.0,0.0,0.0,0.23,99.0,,3.0,0.27,0.0,69.1,85.1,53.1
1997-07-01T00:00:00,GHCND:USC00048351,,,0.0,0.0,0.0,0.0,0.0,0.0,0.0,,,,48.0,0.0,0.0,0.0,,,,0.0,0.0,,,54.0
1997-08-01T00:00:00,GHCND:USC00048351,,151.0,2.0,1.0,0.0,0.0,0.0,0.0,0.0,0.0,27.0,7.0,50.0,0.0,0.0,0.98,106.0,,0.0,1.02,0.0,70.7,86.4,55.0
1997-09-01T00:00:00,GHCND:USC00048351,,,2.0,1.0,0.0,0.0,0.0,0.0,0.0,,,,47.0,0.0,0.0,0.18,,,,0.21,0.0,,,53.0
1997-10-01T00:00:00,GHCND:USC00048351,,,4.0,2.0,1.0,0.0,0.0,0.0,0.0,,,,40.0,0.0,0.0,1.03,,,,1.26,0.0,,,47.8
1997-11-01T00:00:00,GHCND:USC00048351,,,14.0,10.0,3.0,0.0,0.0,0.0,0.0,,,,38.0,0.0,0.0,1.48,,,,7.48,0.0,,,45.3
1997-12-01T00:00:00,GHCND:USC00048351,,0.0,9.0,7.0,1.0,0.0,0.0,0.0,6.0,0.0,0.0,0.0,27.0,0.0,0.0,1.38,68.0,,485.0,3.55,0.0,47.7,57.8,37.6
1998-01-01T00:00:00,GHCND:USC00048351,0.0,0.0,23.0,17.0,5.0,0.0,0.0,0.0,1.0,0.0,0.0,0.0,29.0,0.0,0.0,1.97,66.0,,433.0,12.0,0.0,50.1,57.2,42.9
1998-02-01T00:00:00,GHCND:USC00048351,0.0,0.0,22.0,17.0,8.0,0.0,0.0,0.0,1.0,0.0,0.0,0.0,30.0,0.0,0.0,3.8,64.0,,372.0,18.9,0.0,50.2,58.0,42.4
1998-03-01T00:00:00,GHCND:USC00048351,,,13.0,8.0,0.0,0.0,0.0,0.0,2.0,,,,32.0,0.0,0.0,0.6,,,,2.31,0.0,,,42.2
1998-04-01T00:00:00,GHCND:USC00048351,,0.0,12.0,8.0,0.0,0.0,0.0,0.0,0.0,0.0,11.0,0.0,34.0,0.0,0.0,0.6,84.0,,261.0,2.35,0.0,55.5,68.5,42.4
1998-05-01T00:00:00,GHCND:USC00048351,,0.0,14.0,7.0,1.0,0.0,0.0,0.0,0.0,0.0,10.0,0.0,38.0,0.0,0.0,1.1,78.0,,228.0,3.89,0.0,56.8,67.6,46.0
1998-06-01T00:00:00,GHCND:USC00048351,,,2.0,1.0,0.0,0.0,0.0,0.0,0.0,,,,45.0,0.0,0.0,0.12,,,,0.16,0.0,,,52.5
1998-07-01T00:00:00,GHCND:USC00048351,,,0.0,0.0,0.0,0.0,0.0,0.0,0.0,,,,48.0,0.0,0.0,0.0,,,,0.0,0.0,,,53.6
1998-08-01T00:00:00,GHCND:USC00048351,,,0.0,0.0,0.0,0.0,0.0,0.0,0.0,,,,46.0,0.0,0.0,0.0,,,,0.0,0.0,,,52.9
1998-09-01T00:00:00,GHCND:USC00048351,,,1.0,0.0,0.0,0.0,0.0,0.0,0.0,,,,47.0,0.0,0.0,0.05,,,,0.05,0.0,,,52.8
1998-10-01T00:00:00,GHCND:USC00048351,,6.0,2.0,1.0,0.0,,0.0,0.0,0.0,0.0,24.0,0.0,38.0,,0.0,0.83,88.0,,100.0,0.85,0.0,61.3,76.7,46.0
1998-11-01T00:00:00,GHCND:USC00048351,,0.0,19.0,9.0,3.0,0.0,0.0,0.0,0.0,0.0,0.0,0.0,33.0,0.0,0.0,1.53,69.0,,335.0,5.67,0.0,52.7,62.6,42.7
1998-12-01T00:00:00,GHCND:USC00048351,,0.0,8.0,5.0,0.0,0.0,0.0,0.0,13.0,0.0,0.0,0.0,20.0,0.0,0.0,0.43,65.0,,540.0,1.44,0.0,44.7,56.0,33.3
1999-01-01T00:00:00,GHCND:USC00048351,0.0,0.0,11.0,9.0,0.0,0.0,0.0,0.0,14.0,0.0,0.0,0.0,27.0,0.0,0.0,0.97,64.0,,559.0,4.21,0.0,46.4,55.8,37.0
1999-02-01T00:00:00,GHCND:USC00048351,0.0,0.0,15.0,12.0,3.0,0.0,0.0,0.0,5.0,0.0,0.0,0.0,29.0,0.0,0.0,2.65,66.0,,385.0,11.33,0.0,49.1,59.3,38.8
1999-03-01T00:00:00,GHCND:USC00048351,0.0,0.0,13.0,11.0,0.0,0.0,0.0,0.0,3.0,0.0,0.0,0.0,32.0,0.0,0.0,0.79,67.0,,433.0,4.13,0.0,50.2,61.0,39.4
1999-04-01T00:00:00,GHCND:USC00048351,15.0,15.0,5.0,4.0,1.0,0.0,0.0,0.0,1.0,0.0,13.0,0.0,31.0,0.0,0.0,1.46,87.0,,218.0,2.62,0.0,57.1,70.5,43.8
1999-05-01T00:00:00,GHCND:USC00048351,,,1.0,0.0,0.0,0.0,0.0,0.0,0.0,,,,39.0,0.0,0.0,0.05,,,,0.05,0.0,,,45.4
1999-06-01T00:00:00,GHCND:USC00048351,,82.0,1.0,0.0,0.0,0.0,0.0,0.0,0.0,0.0,27.0,4.0,40.0,0.0,0.0,0.03,103.0,,49.0,0.03,0.0,66.2,83.2,49.2
1999-07-01T00:00:00,GHCND:USC00048351,,,0.0,0.0,0.0,0.0,0.0,0.0,0.0,,,,46.0,0.0,0.0,0.0,,,,0.0,0.0,,,52.0
1999-08-01T00:00:00,GHCND:USC00048351,,,0.0,0.0,0.0,0.0,0.0,0.0,0.0,,,,46.0,0.0,0.0,0.0,,,,0.0,0.0,,,53.3
1999-09-01T00:00:00,GHCND:USC00048351,,,3.0,0.0,0.0,0.0,0.0,0.0,0.0,,,,46.0,0.0,0.0,0.07,,,,0.12,0.0,,,51.6
1999-10-01T00:00:00,GHCND:USC00048351,,,3.0,1.0,0.0,0.0,0.0,0.0,0.0,,,,37.0,0.0,0.0,0.89,,,,0.94,0.0,,,45.8
1999-11-01T00:00:00,GHCND:USC00048351,,0.0,11.0,6.0,0.0,0.0,0.0,0.0,0.0,0.0,7.0,0.0,35.0,0.0,0.0,0.93,79.0,,261.0,3.19,0.0,55.2,65.5,44.9
1999-12-01T00:00:00,GHCND:USC00048351,,0.0,6.0,3.0,0.0,0.0,0.0,0.0,10.0,0.0,2.0,0.0,30.0,0.0,0.0,0.38,77.0,,427.0,0.88,0.0,48.7,61.6,35.9
2000-01-01T00:00:00,GHCND:USC00048351,0.0,0.0,16.0,9.0,1.0,0.0,0.0,0.0,6.0,0.0,0.0,0.0,28.0,0.0,0.0,2.0,64.0,,388.0,5.71,0.0,50.0,59.0,41.1
2000-02-01T00:00:00,GHCND:USC00048351,0.0,0.0,21.0,14.0,4.0,0.0,0.0,0.0,1.0,0.0,1.0,0.0,32.0,0.0,0.0,2.45,70.0,,328.0,10.81,0.0,52.0,60.2,43.7
2000-03-01T00:00:00,GHCND:USC00048351,5.0,5.0,9.0,5.0,1.0,0.0,0.0,0.0,0.0,0.0,10.0,0.0,34.0,0.0,0.0,1.2,81.0,,304.0,2.74,0.0,54.5,66.8,42.2
2000-04-01T00:00:00,GHCND:USC00048351,,,6.0,4.0,1.0,0.0,0.0,0.0,0.0,,,,39.0,0.0,0.0,1.28,,,,2.58,0.0,,,44.9
2000-05-01T00:00:00,GHCND:USC00048351,,64.0,5.0,4.0,0.0,0.0,0.0,0.0,0.0,0.0,17.0,4.0,40.0,0.0,0.0,0.51,98.0,,102.0,1.72,0.0,63.3,77.3,49.4
2000-06-01T00:00:00,GHCND:USC00048351,,,1.0,1.0,0.0,0.0,0.0,0.0,0.0,,,,44.0,0.0,0.0,0.29,,,,0.29,0.0,,,51.6
2000-07-01T00:00:00,GHCND:USC00048351,,,0.0,0.0,0.0,0.0,0.0,0.0,0.0,,,,47.0,0.0,0.0,0.0,,,,0.0,0.0,,,52.1
2000-08-01T00:00:00,GHCND:USC00048351,,,1.0,0.0,0.0,0.0,0.0,0.0,0.0,,,,48.0,0.0,0.0,0.02,,,,0.02,0.0,,,52.8
2000-09-01T00:00:00,GHCND:USC00048351,,,3.0,0.0,0.0,0.0,0.0,0.0,0.0,,,,45.0,0.0,0.0,0.07,,,,0.14,0.0,,,52.2
2000-10-01T00:00:00,GHCND:USC00048351,,11.0,10.0,6.0,0.0,0.0,0.0,0.0,0.0,0.0,19.0,1.0,39.0,0.0,0.0,0.84,90.0,,114.0,2.65,0.0,61.3,74.3,48.4
2000-11-01T00:00:00,GHCND:USC00048351,,,8.0,3.0,0.0,0.0,0.0,0.0,7.0,,,,28.0,0.0,0.0,0.4,,,,1.22,0.0,,,38.4
2000-12-01T00:00:00,GHCND:USC00048351,,0.0,7.0,4.0,0.0,0.0,0.0,0.0,8.0,0.0,0.0,0.0,30.0,0.0,0.0,0.88,65.0,,520.0,1.59,0.0,47.7,58.9,36.4
2001-01-01T00:00:00,GHCND:USC00048351,0.0,0.0,8.0,6.0,0.0,0.0,0.0,0.0,17.0,0.0,0.0,0.0,27.0,0.0,0.0,0.86,63.0,,498.0,3.37,0.0,45.8,58.4,33.1
2001-02-01T00:00:00,GHCND:USC00048351,0.0,0.0,13.0,10.0,0.0,0.0,0.0,0.0,2.0,0.0,3.0,0.0,29.0,0.0,0.0,0.67,74.0,,393.0,4.74,0.0,49.3,59.8,38.8
2001-03-01T00:00:00,GHCND:USC00048351,0.0,0.0,7.0,3.0,1.0,0.0,0.0,0.0,0.0,0.0,12.0,0.0,34.0,0.0,0.0,1.02,82.0,,257.0,1.73,0.0,56.0,69.2,42.7
2001-04-01T00:00:00,GHCND:USC00048351,4.0,3.0,5.0,2.0,0.0,0.0,0.0,0.0,0.0,0.0,8.0,0.0,33.0,0.0,0.0,0.54,87.0,,276.0,0.89,0.0,54.5,68.3,40.7
2001-05-01T00:00:00,GHCND:USC00048351,117.0,113.0,0.0,0.0,0.0,0.0,0.0,0.0,0.0,0.0,27.0,14.0,43.0,0.0,0.0,0.0,105.0,,20.0,0.0,0.0,68.6,88.5,48.8
2001-06-01T00:00:00,GHCND:USC00048351,,,1.0,0.0,0.0,0.0,0.0,0.0,0.0,,,,44.0,0.0,0.0,0.05,,,,0.05,0.0,,,50.8
2001-07-01T00:00:00,GHCND:USC00048351,,,0.0,0.0,0.0,0.0,0.0,0.0,0.0,,,,49.0,0.0,0.0,0.0,,,,0.0,0.0,,,53.2
2001-08-01T00:00:00,GHCND:USC00048351,,,0.0,0.0,0.0,0.0,0.0,0.0,0.0,,,,45.0,0.0,0.0,0.0,,,,0.0,0.0,,,52.7
2001-09-01T00:00:00,GHCND:USC00048351,,74.0,1.0,1.0,0.0,0.0,0.0,0.0,0.0,0.0,27.0,6.0,46.0,0.0,0.0,0.35,102.0,,2.0,0.35,0.0,67.6,84.5,50.7
2001-10-01T00:00:00,GHCND:USC00048351,,,2.0,1.0,0.0,0.0,0.0,0.0,0.0,,,,41.0,0.0,0.0,0.74,,,,0.75,0.0,,,49.0
2001-11-01T00:00:00,GHCND:USC00048351,,0.0,12.0,9.0,2.0,0.0,0.0,0.0,0.0,0.0,8.0,0.0,35.0,0.0,0.0,2.84,83.0,,268.0,8.58,0.0,54.8,65.6,44.1
2001-12-01T00:00:00,GHCND:USC00048351,,0.0,17.0,15.0,4.0,0.0,0.0,0.0,0.0,0.0,0.0,0.0,35.0,0.0,0.0,1.4,62.0,,439.0,11.0,0.0,49.3,55.9,42.7
2002-01-01T00:00:00,GHCND:USC00048351,0.0,0.0,6.0,6.0,1.0,0.0,0.0,0.0,10.0,0.0,0.0,0.0,25.0,0.0,0.0,1.99,62.0,,514.0,3.98,0.0,46.7,57.1,36.4
2002-02-01T00:00:00,GHCND:USC00048351,0.0,0.0,7.0,5.0,0.0,0.0,0.0,0.0,5.0,0.0,7.0,0.0,30.0,0.0,0.0,0.83,76.0,,344.0,2.53,0.0,52.0,64.9,39.1
2002-03-01T00:00:00,GHCND:USC00048351,0.0,0.0,8.0,5.0,0.0,0.0,0.0,0.0,1.0,0.0,7.0,0.0,29.0,0.0,0.0,0.75,81.0,,333.0,2.67,0.0,52.6,65.0,40.2
2002-04-01T00:00:00,GHCND:USC00048351,,,3.0,3.0,0.0,0.0,0.0,0.0,0.0,,,,34.0,0.0,0.0,0.22,,,,0.48,0.0,,,44.9
2002-05-01T00:00:00,GHCND:USC00048351,,20.0,4.0,3.0,0.0,0.0,0.0,0.0,0.0,0.0,19.0,1.0,38.0,0.0,0.0,0.59,91.0,,148.0,1.23,0.0,60.4,76.0,44.8
2002-06-01T00:00:00,GHCND:USC00048351,,,0.0,0.0,0.0,0.0,0.0,0.0,0.0,,,,44.0,0.0,0.0,0.0,,,,0.0,0.0,,,50.4
2002-07-01T00:00:00,GHCND:USC00048351,,,0.0,0.0,0.0,0.0,0.0,0.0,0.0,,,,48.0,0.0,0.0,0.0,,,,0.0,0.0,,,54.3
2002-08-01T00:00:00,GHCND:USC00048351,,128.0,0.0,0.0,0.0,0.0,0.0,0.0,0.0,0.0,26.0,9.0,47.0,0.0,0.0,0.0,104.0,,2.0,0.0,0.0,69.9,87.8,51.9
2002-09-01T00:00:00,GHCND:USC00048351,,,0.0,0.0,0.0,0.0,0.0,0.0,0.0,,,,43.0,0.0,0.0,0.0,,,,0.0,0.0,,,48.9
2002-10-01T00:00:00,GHCND:USC00048351,,25.0,0.0,0.0,0.0,0.0,0.0,0.0,0.0,0.0,24.0,3.0,33.0,0.0,0.0,0.0,92.0,,116.0,0.0,0.0,61.9,77.8,46.0
2002-11-01T00:00:00,GHCND:USC00048351,,0.0,7.0,3.0,1.0,0.0,0.0,0.0,0.0,0.0,11.0,0.0,33.0,0.0,0.0,2.6,77.0,,244.0,3.95,0.0,56.1,69.0,43.2
2002-12-01T00:00:00,GHCND:USC00048351,,0.0,15.0,15.0,4.0,0.0,0.0,0.0,0.0,0.0,0.0,0.0,34.0,0.0,0.0,1.54,66.0,,444.0,9.97,0.0,49.1,57.7,40.5
2003-01-01T00:00:00,GHCND:USC00048351,,,11.0,8.0,0.0,0.0,0.0,0.0,0.0,,,,35.0,0.0,0.0,0.85,,,,3.0,0.0,,,43.9
2003-02-01T00:00:00,GHCND:USC00048351,,0.0,7.0,4.0,1.0,0.0,0.0,0.0,5.0,0.0,0.0,0.0,27.0,0.0,0.0,1.3,68.0,,334.0,2.29,0.0,50.8,63.1,38.6
2003-03-01T00:00:00,GHCND:USC00048351,,0.0,7.0,3.0,1.0,0.0,0.0,0.0,0.0,0.0,8.0,0.0,34.0,0.0,0.0,1.13,78.0,,299.0,2.38,0.0,54.9,67.3,42.5
2003-04-01T00:00:00,GHCND:USC00048351,,0.0,11.0,9.0,1.0,0.0,0.0,0.0,0.0,0.0,4.0,0.0,34.0,0.0,0.0,1.13,74.0,,340.0,4.67,0.0,52.2,63.5,40.8
2003-05-01T00:00:00,GHCND:USC00048351,,,4.0,2.0,0.0,0.0,0.0,0.0,0.0,,,,38.0,0.0,0.0,0.85,,,,1.1,0.0,,,46.8
2003-06-01T00:00:00,GHCND:USC00048351,,98.0,0.0,0.0,0.0,0.0,0.0,0.0,0.0,0.0,24.0,9.0,44.0,0.0,0.0,0.0,104.0,,24.0,0.0,0.0,68.1,84.6,51.5
2003-07-01T00:00:00,GHCND:USC00048351,,,0.0,0.0,0.0,0.0,0.0,0.0,0.0,,,,45.0,0.0,0.0,0.0,,,,0.0,0.0,,,52.9
2003-08-01T00:00:00,GHCND:USC00048351,,,0.0,0.0,0.0,0.0,0.0,0.0,0.0,,,,49.0,0.0,0.0,0.0,,,,0.0,0.0,,,53.5
2003-09-01T00:00:00,GHCND:USC00048351,,136.0,0.0,0.0,0.0,0.0,0.0,0.0,0.0,0.0,26.0,11.0,46.0,0.0,0.0,0.0,103.0,,6.0,0.0,0.0,70.3,88.0,52.7
2003-10-01T00:00:00,GHCND:USC00048351,,,0.0,0.0,0.0,0.0,0.0,0.0,0.0,,,,37.0,0.0,0.0,0.0,,,,0.0,0.0,,,46.8
2003-11-01T00:00:00,GHCND:USC00048351,,0.0,9.0,8.0,1.0,0.0,0.0,0.0,3.0,0.0,2.0,0.0,28.0,0.0,0.0,1.26,71.0,,405.0,2.88,0.0,50.5,61.3,39.8
2003-12-01T00:00:00,GHCND:USC00048351,,,20.0,18.0,1.0,0.0,0.0,0.0,5.0,,,,26.0,0.0,0.0,1.27,,,,7.95,0.0,,,41.1
2004-01-01T00:00:00,GHCND:USC00048351,,,11.0,7.0,1.0,0.0,0.0,0.0,7.0,,,,27.0,0.0,0.0,1.3,,,,3.0,0.0,,,40.2
2004-02-01T00:00:00,GHCND:USC00048351,,0.0,16.0,10.0,3.0,0.0,0.0,0.0,2.0,0.0,0.0,0.0,31.0,0.0,0.0,1.71,67.0,,361.0,6.31,0.0,50.6,60.3,40.9
2004-03-01T00:00:00,GHCND:USC00048351,,19.0,4.0,3.0,0.0,0.0,0.0,0.0,0.0,0.0,17.0,0.0,37.0,0.0,0.0,0.61,89.0,,148.0,1.06,0.0,60.1,75.2,45.0
2004-04-01T00:00:00,GHCND:USC00048351,,19.0,5.0,3.0,0.0,0.0,0.0,0.0,1.0,0.0,15.0,2.0,30.0,0.0,0.0,0.15,93.0,,181.0,0.44,0.0,58.6,73.2,44.1
2004-05-01T00:00:00,GHCND:USC00048351,,20.0,1.0,0.0,0.0,0.0,0.0,0.0,0.0,0.0,27.0,3.0,43.0,0.0,0.0,0.07,90.0,,84.0,0.07,0.0,62.7,77.4,47.9
2004-06-01T00:00:00,GHCND:USC00048351,,82.0,0.0,0.0,0.0,0.0,0.0,0.0,0.0,0.0,25.0,3.0,46.0,0.0,0.0,0.0,99.0,,9.0,0.0,0.0,68.3,84.0,52.5
2004-07-01T00:00:00,GHCND:USC00048351,,,0.0,0.0,0.0,0.0,0.0,0.0,0.0,,,,48.0,0.0,0.0,0.0,,,,0.0,0.0,,,54.7
2004-08-01T00:00:00,GHCND:USC00048351,,163.0,0.0,0.0,0.0,0.0,0.0,0.0,0.0,0.0,27.0,11.0,49.0,0.0,0.0,0.0,100.0,,0.0,0.0,0.0,71.1,87.2,54.9
2004-09-01T00:00:00,GHCND:USC00048351,,160.0,1.0,1.0,0.0,0.0,0.0,0.0,0.0,0.0,26.0,14.0,43.0,0.0,0.0,0.11,101.0,,17.0,0.11,0.0,70.5,88.4,52.6
2004-10-01T00:00:00,GHCND:USC00048351,,30.0,6.0,6.0,2.0,0.0,0.0,0.0,0.0,0.0,14.0,2.0,36.0,0.0,0.0,1.75,94.0,,158.0,5.2,0.0,60.6,72.8,48.4
2004-11-01T00:00:00,GHCND:USC00048351,,0.0,6.0,4.0,0.0,0.0,0.0,0.0,2.0,0.0,4.0,0.0,29.0,0.0,0.0,0.87,72.0,,338.0,2.31,0.0,53.0,63.6,42.4
2004-12-01T00:00:00,GHCND:USC00048351,,,7.0,7.0,2.0,0.0,0.0,0.0,6.0,,,,27.0,0.0,0.0,3.8,,,,10.43,0.0,,,39.1
2005-01-01T00:00:00,GHCND:USC00048351,0.0,0.0,11.0,8.0,0.0,0.0,0.0,0.0,1.0,0.0,0.0,0.0,31.0,0.0,0.0,0.88,64.0,,505.0,4.19,0.0,46.3,54.3,38.2
2005-02-01T00:00:00,GHCND:USC00048351,0.0,0.0,13.0,9.0,0.0,0.0,0.0,0.0,0.0,0.0,1.0,0.0,36.0,0.0,0.0,0.86,76.0,,310.0,4.36,0.0,52.6,62.2,43.0
2005-03-01T00:00:00,GHCND:USC00048351,,,11.0,10.0,1.0,0.0,0.0,0.0,0.0,,,,35.0,0.0,0.0,1.1,,,,4.78,0.0,,,43.3
2005-04-01T00:00:00,GHCND:USC00048351,,0.0,9.0,4.0,0.0,0.0,0.0,0.0,0.0,0.0,11.0,0.0,33.0,0.0,0.0,0.65,77.0,,253.0,1.73,0.0,55.1,68.4,41.9
2005-05-01T00:00:00,GHCND:USC00048351,,14.0,7.0,6.0,1.0,0.0,0.0,0.0,0.0,0.0,18.0,0.0,33.0,0.0,0.0,1.3,85.0,,119.0,3.73,0.0,61.1,73.9,48.2
2005-06-01T00:00:00,GHCND:USC00048351,,,4.0,2.0,0.0,0.0,0.0,0.0,0.0,,,,44.0,0.0,0.0,0.13,,,,0.34,0.0,,,51.1
2005-07-01T00:00:00,GHCND:USC00048351,,,0.0,0.0,0.0,0.0,0.0,0.0,0.0,,,,49.0,0.0,0.0,0.0,,,,0.0,0.0,,,54.6
2005-08-01T00:00:00,GHCND:USC00048351,,,0.0,0.0,0.0,0.0,0.0,0.0,0.0,,,,46.0,0.0,0.0,0.0,,,,0.0,0.0,,,51.3
2005-09-01T00:00:00,GHCND:USC00048351,,22.0,0.0,0.0,0.0,0.0,0.0,0.0,0.0,0.0,26.0,3.0,42.0,0.0,0.0,0.0,92.0,,44.0,0.0,0.0,64.2,80.0,48.5
2005-10-01T00:00:00,GHCND:USC00048351,,,3.0,3.0,0.0,0.0,0.0,0.0,0.0,,,,41.0,0.0,0.0,0.21,,,,0.51,0.0,,,46.5
2005-11-01T00:00:00,GHCND:USC00048351,,4.0,7.0,4.0,0.0,0.0,0.0,0.0,1.0,0.0,13.0,0.0,30.0,0.0,0.0,0.55,84.0,,257.0,1.84,0.0,55.5,68.1,42.9
2005-12-01T00:00:00,GHCND:USC00048351,,0.0,16.0,12.0,6.0,0.0,0.0,0.0,6.0,0.0,0.0,0.0,29.0,0.0,0.0,4.36,67.0,,389.0,14.44,0.0,50.0,58.9,41.1
2006-01-01T00:00:00,GHCND:USC00048351,0.0,0.0,12.0,9.0,0.0,0.0,0.0,0.0,1.0,0.0,0.0,0.0,31.0,0.0,0.0,0.7,66.0,,440.0,3.88,0.0,49.1,58.5,39.7
2006-02-01T00:00:00,GHCND:USC00048351,0.0,0.0,8.0,6.0,2.0,0.0,0.0,0.0,5.0,0.0,8.0,0.0,28.0,0.0,0.0,1.97,74.0,,361.0,4.11,0.0,50.6,63.6,37.6
2006-03-01T00:00:00,GHCND:USC00048351,0.0,0.0,21.0,18.0,1.0,0.0,0.0,0.0,4.0,0.0,0.0,0.0,27.0,0.0,0.0,1.78,68.0,,478.0,8.0,0.0,48.6,57.8,39.5
2006-04-01T00:00:00,GHCND:USC00048351,,,13.0,10.0,3.0,0.0,0.0,0.0,0.0,,,,35.0,0.0,0.0,1.12,,,,5.43,0.0,,,45.3
2006-05-01T00:00:00,GHCND:USC00048351,,10.0,5.0,3.0,0.0,0.0,0.0,0.0,0.0,0.0,21.0,1.0,41.0,0.0,0.0,0.4,92.0,,88.0,0.83,0.0,62.3,77.2,47.4
2006-06-01T00:00:00,GHCND:USC00048351,,,0.0,0.0,0.0,0.0,0.0,0.0,0.0,,,,46.0,0.0,0.0,0.0,,,,0.0,0.0,,,52.6
2006-07-01T00:00:00,GHCND:USC00048351,,,0.0,0.0,0.0,0.0,0.0,0.0,0.0,,,,48.0,0.0,0.0,0.0,,,,0.0,0.0,,,55.2
2006-08-01T00:00:00,GHCND:USC00048351,,,0.0,0.0,0.0,0.0,0.0,0.0,0.0,,,,47.0,0.0,0.0,0.0,,,,0.0,0.0,,,51.9
2006-09-01T00:00:00,GHCND:USC00048351,,,0.0,0.0,0.0,0.0,0.0,0.0,0.0,,,,42.0,0.0,0.0,0.0,,,,0.0,0.0,,,49.8
2006-10-01T00:00:00,GHCND:USC00048351,,,1.0,1.0,0.0,0.0,0.0,0.0,1.0,,,,30.0,0.0,0.0,0.55,,,,0.55,0.0,,,45.3
2006-11-01T00:00:00,GHCND:USC00048351,,0.0,9.0,7.0,1.0,0.0,0.0,0.0,4.0,0.0,5.0,0.0,29.0,0.0,0.0,1.3,76.0,,335.0,4.2,0.0,53.4,64.3,42.5
2006-12-01T00:00:00,GHCND:USC00048351,,0.0,10.0,7.0,1.0,0.0,0.0,0.0,14.0,0.0,0.0,0.0,24.0,0.0,0.0,1.5,64.0,,450.0,4.61,0.0,47.4,57.9,36.8
2007-01-01T00:00:00,GHCND:USC00048351,0.0,0.0,4.0,1.0,0.0,0.0,0.0,0.0,19.0,0.0,0.0,0.0,24.0,0.0,0.0,0.38,68.0,,539.0,0.47,0.0,45.1,58.6,31.6
2007-02-01T00:00:00,GHCND:USC00048351,,,14.0,11.0,1.0,0.0,0.0,0.0,6.0,0.0,1.0,0.0,30.0,0.0,0.0,1.16,76.0,,,5.93,0.0,49.6,60.1,39.1
2007-03-01T00:00:00,GHCND:USC00048351,,0.0,2.0,0.0,0.0,0.0,0.0,0.0,1.0,0.0,19.0,0.0,32.0,0.0,0.0,0.02,82.0,,231.0,0.03,0.0,57.0,71.8,42.2
2007-04-01T00:00:00,GHCND:USC00048351,,,5.0,5.0,0.0,0.0,0.0,0.0,0.0,,,,36.0,0.0,0.0,0.7,,,,2.05,0.0,,,43.2
2007-05-01T00:00:00,GHCND:USC00048351,,,2.0,2.0,0.0,0.0,0.0,0.0,0.0,,,,40.0,0.0,0.0,0.23,,,,0.37,0.0,,,47.7
2007-06-01T00:00:00,GHCND:USC00048351,,96.0,0.0,0.0,0.0,0.0,0.0,0.0,0.0,0.0,27.0,9.0,44.0,0.0,0.0,0.0,103.0,,8.0,0.0,0.0,68.4,86.0,50.8
2007-07-01T00:00:00,GHCND:USC00048351,,,1.0,0.0,0.0,0.0,0.0,0.0,0.0,,,,47.0,0.0,0.0,0.03,,,,0.03,0.0,,,54.4
2007-08-01T00:00:00,GHCND:USC00048351,,137.0,0.0,0.0,0.0,0.0,0.0,0.0,0.0,0.0,25.0,8.0,45.0,0.0,0.0,0.0,101.0,,6.0,0.0,0.0,70.2,87.0,53.3
2007-09-01T00:00:00,GHCND:USC00048351,,,2.0,0.0,0.0,0.0,0.0,0.0,0.0,,,,41.0,0.0,0.0,0.08,,,,0.15,0.0,,,50.3
2007-10-01T00:00:00,GHCND:USC00048351,,,7.0,6.0,0.0,0.0,0.0,0.0,0.0,,,,37.0,0.0,0.0,0.73,,,,2.02,0.0,,,46.9
2007-11-01T00:00:00,GHCND:USC00048351,,,3.0,1.0,0.0,0.0,0.0,0.0,2.0,,,,30.0,0.0,0.0,0.6,,,,0.65,0.0,,,42.3
2007-12-01T00:00:00,GHCND:USC00048351,,0.0,10.0,8.0,1.0,0.0,0.0,0.0,9.0,0.0,0.0,0.0,27.0,0.0,0.0,1.17,67.0,,504.0,4.24,0.0,47.3,57.0,37.6
2008-01-01T00:00:00,GHCND:USC00048351,0.0,0.0,20.0,15.0,4.0,0.0,0.0,0.0,6.0,0.0,0.0,0.0,28.0,0.0,0.0,2.55,65.0,,527.0,11.01,0.0,45.6,54.0,37.2
2008-02-01T00:00:00,GHCND:USC00048351,0.0,0.0,10.0,8.0,1.0,0.0,0.0,0.0,2.0,0.0,6.0,0.0,31.0,0.0,0.0,1.23,72.0,,404.0,3.81,0.0,50.2,62.0,38.5
2008-03-01T00:00:00,GHCND:USC00048351,0.0,0.0,3.0,0.0,0.0,0.0,0.0,0.0,1.0,0.0,10.0,0.0,31.0,0.0,0.0,0.08,75.0,,321.0,0.21,0.0,53.5,67.3,39.7
2008-04-01T00:00:00,GHCND:USC00048351,9.0,9.0,1.0,1.0,0.0,0.0,0.0,0.0,1.0,0.0,11.0,0.0,31.0,0.0,0.0,0.15,89.0,,261.0,0.15,0.0,55.9,71.1,40.7
2008-05-01T00:00:00,GHCND:USC00048351,,,1.0,1.0,0.0,0.0,0.0,0.0,0.0,0.0,22.0,4.0,38.0,0.0,0.0,0.21,100.0,,,0.21,0.0,63.5,78.7,48.3
2008-06-01T00:00:00,GHCND:USC00048351,,,0.0,0.0,0.0,0.0,0.0,0.0,0.0,,,,43.0,0.0,0.0,0.0,,,,0.0,0.0,,,49.6
2008-07-01T00:00:00,GHCND:USC00048351,,141.0,0.0,0.0,0.0,0.0,0.0,0.0,0.0,0.0,27.0,8.0,47.0,0.0,0.0,0.0,106.0,2.0,2.0,0.0,0.0,70.1,87.1,53.1
2008-08-01T00:00:00,GHCND:USC00048351,,,0.0,0.0,0.0,0.0,0.0,0.0,0.0,,,,46.0,0.0,0.0,0.0,,,,0.0,0.0,,,52.6
2008-09-01T00:00:00,GHCND:USC00048351,,,0.0,0.0,0.0,0.0,0.0,0.0,0.0,,,,42.0,0.0,0.0,0.0,,,,0.0,0.0,,,49.9
2008-10-01T00:00:00,GHCND:USC00048351,,,3.0,1.0,0.0,0.0,0.0,0.0,0.0,,,,39.0,0.0,0.0,0.44,,,,0.57,0.0,,,45.9
2008-11-01T00:00:00,GHCND:USC00048351,,1.0,6.0,5.0,1.0,0.0,0.0,0.0,0.0,0.0,10.0,0.0,35.0,0.0,0.0,1.44,80.0,,249.0,2.66,0.0,55.7,67.8,43.6
2008-12-01T00:00:00,GHCND:USC00048351,,0.0,9.0,5.0,0.0,0.0,0.0,0.0,11.0,0.0,0.0,0.0,25.0,0.0,0.0,0.43,65.0,,553.0,1.57,0.0,45.1,55.2,35.0
2009-01-01T00:00:00,GHCND:USC00048351,0.0,0.0,4.0,1.0,0.0,0.0,0.0,0.0,12.0,0.0,3.0,0.0,24.0,0.0,0.0,0.12,81.0,,416.0,0.24,0.0,48.9,62.6,35.2
2009-02-01T00:00:00,GHCND:USC00048351,,,17.0,12.0,4.0,0.0,0.0,0.0,2.0,,,,31.0,0.0,0.0,1.93,,,,8.76,0.0,,,39.0
2009-03-01T00:00:00,GHCND:USC00048351,,0.0,10.0,6.0,0.0,0.0,0.0,0.0,3.0,0.0,9.0,0.0,28.0,0.0,0.0,0.53,81.0,,336.0,2.3,0.0,52.7,64.7,40.6
2009-04-01T00:00:00,GHCND:USC00048351,,13.0,4.0,3.0,0.0,0.0,0.0,0.0,0.0,0.0,11.0,2.0,33.0,0.0,0.0,0.19,91.0,,252.0,0.48,0.0,55.8,69.7,41.8
2009-05-01T00:00:00,GHCND:USC00048351,,22.0,4.0,4.0,0.0,0.0,0.0,0.0,0.0,0.0,20.0,2.0,41.0,0.0,0.0,0.64,97.0,,90.0,1.69,0.0,62.6,77.2,47.9
2009-06-01T00:00:00,GHCND:USC00048351,,57.0,2.0,1.0,0.0,0.0,0.0,0.0,0.0,0.0,25.0,5.0,42.0,0.0,0.0,0.1,104.0,,74.0,0.11,0.0,64.4,79.3,49.5
2009-07-01T00:00:00,GHCND:USC00048351,,97.0,0.0,0.0,0.0,0.0,0.0,0.0,0.0,0.0,28.0,6.0,44.0,0.0,0.0,0.0,101.0,7.0,7.0,0.0,0.0,68.3,85.9,50.6
2009-08-01T00:00:00,GHCND:USC00048351,,,0.0,0.0,0.0,0.0,0.0,0.0,0.0,,,,46.0,0.0,0.0,0.0,,,,0.0,0.0,,,52.1
2009-09-01T00:00:00,GHCND:USC00048351,,,1.0,1.0,0.0,0.0,0.0,0.0,0.0,,,,42.0,0.0,0.0,0.15,,,,0.15,0.0,,,51.4
2009-10-01T00:00:00,GHCND:USC00048351,,,5.0,3.0,1.0,0.0,0.0,0.0,0.0,,,,38.0,0.0,0.0,1.98,,,,2.76,0.0,,,47.9
2009-11-01T00:00:00,GHCND:USC00048351,,0.0,6.0,2.0,0.0,0.0,0.0,0.0,3.0,0.0,4.0,0.0,31.0,0.0,0.0,0.21,79.0,,352.0,0.45,0.0,52.4,65.5,39.4
2009-12-01T00:00:00,GHCND:USC00048351,,0.0,10.0,7.0,0.0,0.0,0.0,0.0,10.0,0.0,0.0,0.0,22.0,0.0,0.0,0.65,64.0,,529.0,2.4,0.0,45.8,54.6,37.0
2010-01-01T00:00:00,GHCND:USC00048351,0.0,0.0,13.0,13.0,5.0,0.0,0.0,0.0,0.0,0.0,0.0,0.0,34.0,0.0,0.0,1.4,63.0,,432.0,8.3,0.0,48.2,54.9,41.6
2010-02-01T00:00:00,GHCND:US1CASN0084,,,13.0,8.0,1.0,,,,,,,,,,,1.53,,,,4.88,,,,
2010-02-01T00:00:00,GHCND:USC00048351,0.0,0.0,12.0,6.0,1.0,0.0,0.0,0.0,0.0,0.0,1.0,0.0,33.0,0.0,0.0,1.2,70.0,,333.0,3.28,0.0,51.2,61.2,41.1
2010-03-01T00:00:00,GHCND:US1CASN0084,,,12.0,8.0,0.0,,,,,,,,,,,0.64,,,,3.0,,,,
2010-03-01T00:00:00,GHCND:USC00048351,,,10.0,5.0,0.0,0.0,0.0,0.0,0.0,,,,33.0,0.0,0.0,0.83,,,,1.79,0.0,,,39.8
2010-04-01T00:00:00,GHCND:US1CASN0084,,,14.0,8.0,1.0,,,,,,,,,,,1.82,,,,5.0,,,,
2010-04-01T00:00:00,GHCND:USC00048351,,,,,,0.0,0.0,0.0,0.0,,,,34.0,0.0,0.0,,,,,,0.0,,,40.9
2010-05-01T00:00:00,GHCND:USC00048351,,,,,,0.0,0.0,0.0,0.0,,,,36.0,0.0,0.0,,,,,,0.0,,,44.8
2010-06-01T00:00:00,GHCND:USC00048351,,,0.0,0.0,0.0,0.0,0.0,0.0,0.0,,,,43.0,0.0,0.0,0.0,,,,0.0,0.0,,,51.6
2010-07-01T00:00:00,GHCND:USC00048351,,,0.0,0.0,0.0,0.0,0.0,0.0,0.0,,,,47.0,0.0,0.0,0.0,,,,0.0,0.0,,,52.5
2010-08-01T00:00:00,GHCND:USC00048351,,,0.0,0.0,0.0,0.0,0.0,0.0,0.0,,,,43.0,0.0,0.0,0.0,,,,0.0,0.0,,,51.0
2010-09-01T00:00:00,GHCND:USC00048351,,,0.0,0.0,0.0,0.0,0.0,0.0,0.0,,,,44.0,0.0,0.0,0.0,,,,0.0,0.0,,,50.5
2010-10-01T00:00:00,GHCND:USC00048351,,,6.0,4.0,1.0,0.0,0.0,0.0,0.0,,,,35.0,0.0,0.0,3.1,,,,3.94,0.0,,,48.8
2010-11-01T00:00:00,GHCND:US1CASN0084,,,10.0,8.0,0.0,,,,,,,,,,,0.85,,,,3.12,,,,
2010-11-01T00:00:00,GHCND:USC00048351,,13.0,7.0,6.0,0.0,0.0,0.0,0.0,4.0,0.0,9.0,0.0,27.0,0.0,0.0,0.85,82.0,,312.0,2.72,0.0,53.3,64.7,41.9
2010-12-01T00:00:00,GHCND:US1CASN0084,,,22.0,15.0,3.0,,,,,,,,,,,2.02,,,,9.84,,,,
2010-12-01T00:00:00,GHCND:USC00048351,,,20.0,15.0,2.0,0.0,0.0,0.0,3.0,,,,30.0,0.0,0.0,1.8,,,,8.97,0.0,,,42.9
2011-01-01T00:00:00,GHCND:USC00048351,,,5.0,2.0,1.0,,,0.0,4.0,,,,25.0,,,1.22,,,,1.99,,,,37.0
2011-02-01T00:00:00,GHCND:US1CASN0084,,,10.0,7.0,2.0,,,,,,,,,,,1.23,,,,4.52,,,,
2011-02-01T00:00:00,GHCND:USC00048351,,4.0,,,,,,0.0,11.0,0.0,3.0,0.0,25.0,,,,80.0,,410.0,,,48.0,60.2,35.9
2011-03-01T00:00:00,GHCND:USC00048351,,0.0,,,,,,0.0,1.0,0.0,2.0,0.0,30.0,,,,78.0,,427.0,,,51.2,59.9,42.5
2011-04-01T00:00:00,GHCND:US1CASN0084,,,6.0,2.0,0.0,,,,,,,,,,,0.15,,,,0.49,,,,
2011-04-01T00:00:00,GHCND:USC00048351,,,,,,,,0.0,0.0,,,,33.0,,,,,,,,,,,42.7
2011-05-01T00:00:00,GHCND:US1CASN0084,,,8.0,6.0,0.0,,,,,,,,,,,0.43,,,,1.83,,,,
2011-05-01T00:00:00,GHCND:USC00048351,,5.0,,,,,,0.0,0.0,0.0,13.0,0.0,39.0,,,,88.0,,224.0,,,56.7,69.4,44.0
2011-06-01T00:00:00,GHCND:US1CASN0084,,,7.0,6.0,0.0,,,,,,,,,,,0.97,,,,2.73,,,,
2011-06-01T00:00:00,GHCND:USC00048351,,,,,,,,0.0,0.0,,,,43.0,,,,,,,,,,,50.0
2011-07-01T00:00:00,GHCND:US1CASN0084,,,0.0,0.0,0.0,,0.0,,,,,,,,0.0,0.0,,,,0.0,0.0,,,
2011-07-01T00:00:00,GHCND:USC00048351,,,0.0,0.0,0.0,,,0.0,0.0,,,,47.0,,,0.0,,,,0.0,,,,53.3
2011-08-01T00:00:00,GHCND:US1CASN0084,,,0.0,0.0,0.0,,0.0,,,,,,,,0.0,0.0,,,,0.0,0.0,,,
2011-08-01T00:00:00,GHCND:USC00048351,,56.0,0.0,0.0,0.0,,,0.0,0.0,0.0,31.0,3.0,47.0,,,0.0,94.0,,12.0,0.0,,66.4,81.6,51.3
2011-09-01T00:00:00,GHCND:US1CASN0084,,,2.0,0.0,0.0,,0.0,,,,,,,,0.0,0.02,,,,0.03,0.0,,,
2011-09-01T00:00:00,GHCND:USC00048351,,,0.0,0.0,0.0,,,0.0,0.0,,,,44.0,,,0.0,,,,0.0,,,,51.2
2011-10-01T00:00:00,GHCND:US1CASN0084,,,5.0,4.0,1.0,,0.0,,,,,,,,0.0,1.02,,,,1.79,0.0,,,
2011-10-01T00:00:00,GHCND:USC00048351,,11.0,,,,,,0.0,0.0,0.0,23.0,0.0,36.0,,,,85.0,,87.0,,,62.3,76.5,48.1
2011-11-01T00:00:00,GHCND:USC00048351,,0.0,,,,,,0.0,2.0,0.0,2.0,0.0,32.0,,,,75.0,,431.0,,,50.1,62.0,38.1
2011-12-01T00:00:00,GHCND:US1CASN0084,,,4.0,1.0,0.0,,0.0,,,,,,,,0.0,0.19,,,,0.24,0.0,,,
2011-12-01T00:00:00,GHCND:USC00048351,,,,,,,,0.0,13.0,,,,26.0,,,,,,,,,,,34.5
2012-01-01T00:00:00,GHCND:US1CASN0084,,,3.0,3.0,2.0,,0.0,,,,,,,,0.0,2.8,,,,5.67,0.0,,,
2012-01-01T00:00:00,GHCND:USC00048351,,,,,,,,0.0,13.0,,,,23.0,,,,,,,,,,,35.7
2012-02-01T00:00:00,GHCND:US1CASN0084,,,8.0,3.0,0.0,,,,,,,,,,,0.57,,,,1.55,,,,
2012-02-01T00:00:00,GHCND:USC00048351,,0.0,,,,,,0.0,2.0,0.0,4.0,0.0,28.0,,,,77.0,,337.0,,,51.6,64.4,38.7
2012-03-01T00:00:00,GHCND:US1CASN0084,,,15.0,9.0,4.0,,,,,,,,,,,2.12,,,,8.09,,,,
2012-03-01T00:00:00,GHCND:USC00048351,,,,,,,,0.0,1.0,,,,31.0,,,,,,,,,,,41.2
2012-04-01T00:00:00,GHCND:US1CASN0084,,,6.0,5.0,0.0,,,,,,,,,,,0.73,,,,2.7,,,,
2012-04-01T00:00:00,GHCND:USC00048351,,,,,,,,0.0,0.0,,,,33.0,,,,,,,,,,,46.6
2012-05-01T00:00:00,GHCND:USC00048351,,,,,,,,0.0,0.0,,,,40.0,,,,,,,,,,,48.7
2012-06-01T00:00:00,GHCND:US1CASN0084,,,2.0,0.0,0.0,,,,,,,,,,,0.03,,,,0.05,,,,
2012-07-01T00:00:00,GHCND:US1CASN0084,,,1.0,0.0,0.0,,0.0,,,,,,,,0.0,0.01,,,,0.01,0.0,,,
2012-07-01T00:00:00,GHCND:USC00048351,,,0.0,0.0,0.0,,,0.0,0.0,,,,46.0,,,0.0,,,,0.0,,,,52.8
2012-08-01T00:00:00,GHCND:US1CASN0084,,,0.0,0.0,0.0,,0.0,,,,,,,,0.0,0.0,,,,0.0,0.0,,,
2012-08-01T00:00:00,GHCND:USC00048351,,,0.0,0.0,0.0,,,0.0,0.0,,,,46.0,,,0.0,,,,0.0,,,,51.6
2012-09-01T00:00:00,GHCND:US1CASN0084,,,0.0,0.0,0.0,,0.0,,,,,,,,0.0,0.0,,,,0.0,0.0,,,
2012-09-01T00:00:00,GHCND:USC00048351,,42.0,0.0,0.0,0.0,,,0.0,0.0,0.0,30.0,3.0,41.0,,,0.0,93.0,,19.0,0.0,,65.7,84.6,46.9
2012-10-01T00:00:00,GHCND:US1CASN0084,,,4.0,2.0,1.0,,,,,,,,,,,1.24,,,,1.52,,,,
2012-10-01T00:00:00,GHCND:USC00048351,,43.0,4.0,2.0,1.0,,,0.0,0.0,0.0,22.0,2.0,41.0,,,1.19,99.0,,130.0,1.4,,62.2,75.3,49.1
2012-11-01T00:00:00,GHCND:US1CASN0084,,,10.0,6.0,2.0,,,,,,,,,,,2.53,,,,6.54,,,,
2012-11-01T00:00:00,GHCND:USC00048351,,0.0,12.0,8.0,2.0,,,0.0,0.0,0.0,4.0,0.0,33.0,,,1.7,82.0,,308.0,5.17,,54.4,64.7,44.1
2012-12-01T00:00:00,GHCND:US1CASN0084,,,18.0,11.0,3.0,,,,,,,,,,,1.41,,,,8.74,,,,
2012-12-01T00:00:00,GHCND:USC00048351,,0.0,14.0,10.0,3.0,,,0.0,8.0,0.0,1.0,0.0,26.0,,,1.45,72.0,,557.0,6.72,,47.0,56.0,38.1
2013-01-01T00:00:00,GHCND:US1CASN0084,,,3.0,2.0,0.0,,0.0,,,,,,,,0.0,0.5,,,,0.88,0.0,,,
2013-01-01T00:00:00,GHCND:USC00048351,0.0,0.0,5.0,3.0,0.0,,,0.0,15.0,0.0,0.0,0.0,23.0,,,0.43,65.0,,588.0,0.86,,45.4,57.3,33.5
2013-02-01T00:00:00,GHCND:US1CASN0084,,,4.0,2.0,0.0,,,,,,,,,,,0.21,,,,0.51,,,,
2013-02-01T00:00:00,GHCND:USC00048351,,,1.0,1.0,0.0,,,,,,,,,,,0.4,,,,0.4,,,,
2013-03-01T00:00:00,GHCND:US1CASN0084,,,7.0,4.0,0.0,,,,,,,,,,,0.29,,,,0.98,,,,
2013-03-01T00:00:00,GHCND:USC00048351,,0.0,3.0,2.0,0.0,,,0.0,0.0,0.0,11.0,0.0,33.0,,,0.4,78.0,,340.0,0.66,,54.0,67.3,40.8
2013-04-01T00:00:00,GHCND:US1CASN0084,,,7.0,3.0,0.0,,,,,,,,,,,0.66,,,,1.17,,,,
2013-04-01T00:00:00,GHCND:USC00048351,,18.0,2.0,2.0,0.0,,,0.0,0.0,0.0,21.0,0.0,37.0,,,0.87,89.0,,142.0,0.97,,60.9,75.4,46.4
2013-05-01T00:00:00,GHCND:US1CASN0084,,,2.0,1.0,0.0,,,,,,,,,,,0.46,,,,0.54,,,,
2013-05-01T00:00:00,GHCND:USC00048351,,31.0,1.0,1.0,0.0,,,0.0,0.0,0.0,25.0,1.0,42.0,,,0.3,91.0,,98.0,0.3,,62.8,77.1,48.5
2013-06-01T00:00:00,GHCND:US1CASN0084,,,3.0,2.0,0.0,,,,,,,,,,,0.46,,,,0.8,,,,
2013-06-01T00:00:00,GHCND:USC00048351,,102.0,1.0,1.0,0.0,,,0.0,0.0,0.0,25.0,8.0,45.0,,,0.6,102.0,,37.0,0.6,,67.2,82.1,52.2
2013-07-01T00:00:00,GHCND:US1CASN0084,,,0.0,0.0,0.0,,0.0,,,,,,,,0.0,0.0,,,,0.0,0.0,,,
2013-07-01T00:00:00,GHCND:USC00048351,,139.0,0.0,0.0,0.0,,,0.0,0.0,0.0,31.0,7.0,47.0,,,0.0,98.0,6.0,6.0,0.0,,69.3,85.0,53.7
2013-08-01T00:00:00,GHCND:US1CASN0084,,,0.0,0.0,0.0,,0.0,,,,,,,,0.0,0.0,,,,0.0,0.0,,,
2013-08-01T00:00:00,GHCND:USC00048351,,111.0,0.0,0.0,0.0,,,0.0,0.0,0.0,30.0,6.0,48.0,,,0.0,94.0,11.0,6.0,0.0,,68.5,83.3,53.7
2013-09-01T00:00:00,GHCND:US1CASN0084,,,3.0,2.0,0.0,,0.0,,,,,,,,0.0,0.31,,,,0.5,0.0,,,
2013-09-01T00:00:00,GHCND:USC00048351,,88.0,2.0,1.0,0.0,,,0.0,0.0,0.0,29.0,5.0,44.0,,,0.35,100.0,28.0,17.0,0.43,,67.4,81.9,52.8
2013-10-01T00:00:00,GHCND:US1CASN0084,,,1.0,0.0,0.0,,0.0,,,,,,,,0.0,0.02,,,,0.02,0.0,,,
2013-10-01T00:00:00,GHCND:USC00048351,,10.0,0.0,0.0,0.0,,,0.0,0.0,0.0,24.0,0.0,37.0,,,0.0,85.0,191.0,163.0,0.0,,59.7,76.8,42.6
2013-11-01T00:00:00,GHCND:USC00048351,,,2.0,2.0,0.0,,,,,,,,,,,0.8,,,,0.93,,,,
2013-12-01T00:00:00,GHCND:US1CASN0084,,,1.0,1.0,0.0,,,,,,,,,,,0.51,,,,0.51,,,,
2013-12-01T00:00:00,GHCND:USC00048351,,0.0,1.0,1.0,0.0,,,0.0,16.0,0.0,1.0,0.0,21.0,,,0.51,70.0,,572.0,0.51,,45.3,59.1,31.5
2014-01-01T00:00:00,GHCND:US1CASN0084,,,2.0,0.0,0.0,,0.0,,,,,,,,0.0,0.06,,,,0.11,0.0,,,
2014-01-01T00:00:00,GHCND:USC00048351,0.0,0.0,2.0,0.0,0.0,,,0.0,9.0,0.0,10.0,0.0,30.0,,,0.05,74.0,,400.0,0.06,,51.7,67.2,36.1
2014-02-01T00:00:00,GHCND:US1CASN0084,,,11.0,8.0,4.0,,,,,,,,,,,4.44,,,,12.19,,,,
2014-02-01T00:00:00,GHCND:USC00048351,0.0,0.0,10.0,10.0,2.0,,,0.0,4.0,0.0,4.0,0.0,29.0,,,3.75,74.0,,367.0,8.9,,51.9,62.4,41.4
2014-03-01T00:00:00,GHCND:USC00048351,,,12.0,7.0,1.0,,,,,,,,,,,1.05,,,,3.6,,,,
2014-04-01T00:00:00,GHCND:US1CASN0084,,,8.0,4.0,1.0,,,,,,,,,,,1.31,,,,2.13,,,,
2014-04-01T00:00:00,GHCND:USC00048351,,,5.0,4.0,0.0,,,,,,,,,,,0.36,,,,1.05,,,,
2014-05-01T00:00:00,GHCND:US1CASN0084,,,1.0,0.0,0.0,,0.0,,,,,,,,0.0,0.03,,,,0.03,0.0,,,
2014-05-01T00:00:00,GHCND:USC00048351,,35.0,0.0,0.0,0.0,,,0.0,0.0,0.0,26.0,4.0,42.0,,,0.0,92.0,,86.0,0.0,,63.3,77.9,48.7
2014-06-01T00:00:00,GHCND:USC00048351,,90.0,0.0,0.0,0.0,,,0.0,0.0,0.0,30.0,6.0,44.0,,,0.0,100.0,,17.0,0.0,,67.5,83.7,51.2
2014-07-01T00:00:00,GHCND:US1CASN0084,,,1.0,0.0,0.0,,,,,,,,,,,0.01,,,,0.01,,,,
2014-07-01T00:00:00,GHCND:USC00048351,,162.0,0.0,0.0,0.0,,,0.0,0.0,0.0,31.0,6.0,45.0,,,0.0,100.0,0.0,0.0,0.0,,70.2,84.5,55.9
2014-08-01T00:00:00,GHCND:USC00048351,,133.0,2.0,0.0,0.0,,,0.0,0.0,0.0,30.0,4.0,47.0,,,0.02,94.0,2.0,1.0,0.03,,69.2,83.1,55.4
2014-09-01T00:00:00,GHCND:USC00048351,,118.0,1.0,1.0,0.0,,,0.0,0.0,0.0,30.0,5.0,48.0,,,0.4,97.0,7.0,6.0,0.4,,68.8,83.4,54.1
2014-10-01T00:00:00,GHCND:US1CASN0084,,,5.0,3.0,0.0,,,,,,,,,,,0.28,,,,0.57,,,,
2014-10-01T00:00:00,GHCND:USC00048351,,61.0,4.0,3.0,0.0,,,0.0,0.0,0.0,29.0,7.0,42.0,,,0.2,95.0,78.0,71.0,0.51,,64.7,80.3,49.1
2014-11-01T00:00:00,GHCND:US1CASN0084,,,10.0,7.0,0.0,,,,,,,,,,,0.77,,,,3.43,,,,
2014-11-01T00:00:00,GHCND:USC00048351,,0.0,6.0,6.0,0.0,,,0.0,0.0,0.0,10.0,0.0,35.0,,,0.62,80.0,343.0,265.0,2.63,,55.9,68.2,43.6
2014-12-01T00:00:00,GHCND:US1CASN0084,,,19.0,15.0,5.0,,,,,,,,,,,3.54,,,,16.32,,,,
2014-12-01T00:00:00,GHCND:USC00048351,,0.0,15.0,10.0,4.0,,,0.0,1.0,0.0,0.0,0.0,30.0,,,3.05,68.0,704.0,361.0,13.51,,52.6,58.9,46.2
2015-01-01T00:00:00,GHCND:US1CASN0084,,,3.0,0.0,0.0,,,,,,,,,,,0.03,,,,0.06,,,,
2015-01-01T00:00:00,GHCND:USC00048351,0.0,0.0,0.0,0.0,0.0,,,0.0,4.0,0.0,3.0,0.0,27.0,,,0.0,78.0,1134.0,430.0,0.0,,50.7,62.6,38.7
2015-02-01T00:00:00,GHCND:US1CASN0084,,,5.0,5.0,1.0,,,,,,,,,,,1.29,,,,2.66,,,,
2015-02-01T00:00:00,GHCND:USC00048351,0.0,0.0,3.0,3.0,0.0,,,0.0,0.0,0.0,9.0,0.0,34.0,,,0.85,76.0,1404.0,270.0,1.89,,54.7,67.0,42.3
2015-03-01T00:00:00,GHCND:US1CASN0084,,,3.0,1.0,0.0,,,,,,,,,,,0.3,,,,0.4,,,,
2015-03-01T00:00:00,GHCND:USC00048351,1.0,1.0,2.0,1.0,0.0,,,0.0,0.0,0.0,19.0,0.0,33.0,,,0.1,82.0,1630.0,226.0,0.13,,57.7,72.6,42.9
2015-04-01T00:00:00,GHCND:US1CASN0084,,,4.0,3.0,0.0,,,,,,,,,,,0.85,,,,1.72,,,,
2015-04-01T00:00:00,GHCND:USC00048351,6.0,5.0,1.0,1.0,0.0,,,0.0,0.0,0.0,17.0,0.0,34.0,,,0.96,87.0,1858.0,228.0,0.96,,57.6,71.3,43.8
2015-05-01T00:00:00,GHCND:USC00048351,7.0,1.0,1.0,1.0,0.0,,,0.0,0.0,0.0,19.0,0.0,41.0,,,0.1,85.0,2030.0,172.0,0.1,,59.5,71.0,48.0
2015-06-01T00:00:00,GHCND:USC00048351,114.0,107.0,2.0,1.0,0.0,,,0.0,0.0,0.0,30.0,6.0,47.0,,,0.23,101.0,2043.0,13.0,0.25,,68.5,84.9,52.1
2015-07-01T00:00:00,GHCND:US1CASN0084,,,1.0,0.0,0.0,,0.0,,,,,,,,0.0,0.03,,,,0.03,0.0,,,
2015-07-01T00:00:00,GHCND:USC00048351,322.0,207.0,2.0,0.0,0.0,,,0.0,0.0,0.0,30.0,10.0,48.0,,,0.03,103.0,4.0,4.0,0.04,,71.5,86.5,56.6
2015-08-01T00:00:00,GHCND:US1CASN0084,,,0.0,0.0,0.0,,0.0,,,,,,,,0.0,0.0,,,,0.0,0.0,,,
2015-08-01T00:00:00,GHCND:USC00048351,512.0,190.0,0.0,0.0,0.0,,,0.0,0.0,0.0,31.0,8.0,51.0,,,0.0,102.0,4.0,0.0,0.0,,71.1,86.4,55.8
2015-09-01T00:00:00,GHCND:US1CASN0084,,,2.0,1.0,0.0,,0.0,,,,,,,,0.0,0.22,,,,0.26,0.0,,,
2015-09-01T00:00:00,GHCND:USC00048351,659.0,148.0,0.0,0.0,0.0,,,0.0,0.0,0.0,27.0,13.0,45.0,,,0.0,105.0,25.0,21.0,0.0,,69.5,87.0,51.9
2015-10-01T00:00:00,GHCND:US1CASN0084,,,0.0,0.0,0.0,,0.0,,,,,,,,0.0,0.0,,,,0.0,0.0,,,
2015-10-01T00:00:00,GHCND:USC00048351,724.0,64.0,0.0,0.0,0.0,,,0.0,0.0,0.0,31.0,3.0,45.0,,,0.0,94.0,48.0,23.0,0.0,,66.3,82.8,49.9
2015-11-01T00:00:00,GHCND:USC00048351,724.0,0.0,7.0,3.0,0.0,,,0.0,3.0,0.0,6.0,0.0,24.0,,,0.67,75.0,438.0,391.0,1.28,,51.5,64.4,38.7
2015-12-01T00:00:00,GHCND:US1CASN0084,,,16.0,9.0,2.0,,,,,,,,,,,1.52,,,,5.93,,,,
2015-12-01T00:00:00,GHCND:USC00048351,724.0,0.0,15.0,11.0,1.0,,,0.0,8.0,0.0,0.0,0.0,26.0,,,1.75,63.0,960.0,522.0,4.49,,47.6,56.4,38.8
2016-01-01T00:00:00,GHCND:US1CASN0084,,,21.0,18.0,2.0,,,,,,,,,,,1.58,,,,9.42,,,,
2016-01-01T00:00:00,GHCND:US1CASN0115,,,21.0,15.0,3.0,,,,,,,,,,,1.39,,,,9.31,,,,
2016-01-01T00:00:00,GHCND:USC00048351,0.0,0.0,19.0,15.0,4.0,,,0.0,1.0,0.0,0.0,0.0,29.0,,,1.33,64.0,1388.0,428.0,9.27,,50.7,56.7,44.8
2016-02-01T00:00:00,GHCND:US1CASN0084,,,8.0,3.0,0.0,,,,,,,,,,,0.73,,,,1.24,,,,
2016-02-01T00:00:00,GHCND:USC00048351,2.0,2.0,4.0,2.0,0.0,,,0.0,0.0,0.0,14.0,0.0,35.0,,,0.6,78.0,1701.0,313.0,0.85,,54.2,67.4,41.1
2016-03-01T00:00:00,GHCND:US1CASN0084,,,13.0,10.0,3.0,,,,,,,,,,,2.04,,,,8.16,,,,
2016-03-01T00:00:00,GHCND:USC00048351,2.0,0.0,13.0,12.0,2.0,,,0.0,0.0,0.0,8.0,0.0,35.0,,,1.55,75.0,2014.0,313.0,6.83,,54.6,64.9,44.4
2016-04-01T00:00:00,GHCND:US1CASN0084,,,8.0,4.0,0.0,,,,,,,,,,,0.53,,,,1.44,,,,
2016-04-01T00:00:00,GHCND:US1CASN0124,,,4.0,2.0,0.0,,,,,,,,,,,0.62,,,,0.88,,,,
2016-04-01T00:00:00,GHCND:USC00048351,8.0,7.0,4.0,4.0,0.0,,,0.0,0.0,0.0,17.0,0.0,40.0,,,0.53,87.0,2186.0,172.0,1.38,,59.5,71.9,47.1
2016-05-01T00:00:00,GHCND:US1CASN0124,,,3.0,1.0,0.0,,,,,,,,,,,0.12,,,,0.17,,,,
2016-05-01T00:00:00,GHCND:USC00048351,43.0,35.0,1.0,0.0,0.0,,,0.0,0.0,0.0,22.0,2.0,42.0,,,0.08,94.0,2300.0,114.0,0.08,,62.5,75.5,49.5
2016-06-01T00:00:00,GHCND:US1CASN0124,,,0.0,0.0,0.0,,,,,,,,,,,0.0,,,,0.0,,,,
2016-06-01T00:00:00,GHCND:USC00048351,159.0,115.0,0.0,0.0,0.0,,,0.0,0.0,0.0,28.0,10.0,44.0,,,0.0,97.0,2317.0,17.0,0.0,,68.4,84.9,51.9
2016-07-01T00:00:00,GHCND:US1CASN0084,,,0.0,0.0,0.0,,0.0,,,,,,,,0.0,0.0,,,,0.0,0.0,,,
2016-07-01T00:00:00,GHCND:US1CASN0124,,,0.0,0.0,0.0,,,,,,,,,,,0.0,,,,0.0,,,,
2016-07-01T00:00:00,GHCND:USC00048351,299.0,140.0,0.0,0.0,0.0,,,0.0,0.0,0.0,31.0,10.0,46.0,,,0.0,100.0,11.0,11.0,0.0,,69.2,86.5,51.8
2016-08-01T00:00:00,GHCND:US1CASN0124,,,0.0,0.0,0.0,,,,,,,,,,,0.0,,,,0.0,,,,
2016-08-01T00:00:00,GHCND:USC00048351,399.0,101.0,0.0,0.0,0.0,,,0.0,0.0,0.0,31.0,3.0,46.0,,,0.0,97.0,15.0,4.0,0.0,,68.1,83.7,52.6
2016-09-01T00:00:00,GHCND:US1CASN0124,,,0.0,0.0,0.0,,,,,,,,,,,0.0,,,,0.0,,,,
2016-09-01T00:00:00,GHCND:USC00048351,502.0,102.0,0.0,0.0,0.0,,,0.0,0.0,0.0,29.0,9.0,45.0,,,0.0,97.0,37.0,23.0,0.0,,67.7,84.5,50.8
2016-10-01T00:00:00,GHCND:US1CASN0084,,,13.0,10.0,2.0,,,,,,,,,,,1.55,,,,5.8,,,,
2016-10-01T00:00:00,GHCND:US1CASN0124,,,13.0,12.0,2.0,,,,,,,,,,,1.67,,,,6.28,,,,
2016-10-01T00:00:00,GHCND:USC00048351,507.0,5.0,13.0,7.0,2.0,,,0.0,0.0,0.0,18.0,0.0,42.0,,,1.35,88.0,167.0,130.0,5.18,,61.0,72.5,49.5
2016-11-01T00:00:00,GHCND:US1CASN0084,,,11.0,7.0,0.0,,,,,,,,,,,0.92,,,,2.68,,,,
2016-11-01T00:00:00,GHCND:US1CASN0124,,,7.0,3.0,0.0,,,,,,,,,,,0.34,,,,1.02,,,,
2016-11-01T00:00:00,GHCND:USC00048351,507.0,0.0,9.0,5.0,0.0,,,0.0,0.0,0.0,12.0,0.0,34.0,,,0.54,75.0,471.0,303.0,2.09,,54.5,65.2,43.8
2016-12-01T00:00:00,GHCND:US1CASN0084,,,9.0,9.0,1.0,,,,,,,,,,,3.44,,,,6.96,,,,
2016-12-01T00:00:00,GHCND:US1CASN0124,,,9.0,7.0,2.0,,,,,,,,,,,3.8,,,,7.41,,,,
2016-12-01T00:00:00,GHCND:USC00048351,507.0,0.0,7.0,7.0,2.0,,,0.0,11.0,0.0,0.0,0.0,26.0,,,1.99,64.0,1014.0,543.0,5.94,,46.4,57.3,35.4
2017-01-01T00:00:00,GHCND:US1CASN0084,,,14.0,11.0,6.0,,,,,,,,,,,1.96,,,,10.04,,,,
2017-01-01T00:00:00,GHCND:US1CASN0115,,,17.0,15.0,5.0,,,,,,,,,,,1.97,,,,12.27,,,,
2017-01-01T00:00:00,GHCND:US1CASN0124,,,15.0,14.0,6.0,,,,,,,,,,,2.91,,,,15.66,,,,
2017-01-01T00:00:00,GHCND:USC00048351,0.0,0.0,18.0,14.0,4.0,,,0.0,11.0,0.0,0.0,0.0,26.0,,,2.16,62.0,1564.0,549.0,10.76,,46.7,55.7,37.7
2017-02-01T00:00:00,GHCND:US1CASN0084,,,17.0,17.0,4.0,,,,,,,,,,,3.06,,,,12.75,,,,
2017-02-01T00:00:00,GHCND:USC00048351,0.0,0.0,16.0,13.0,2.0,,,0.0,3.0,0.0,0.0,0.0,29.0,,,1.39,67.0,1937.0,373.0,9.12,,51.7,59.5,43.8
2017-03-01T00:00:00,GHCND:US1CASN0084,,,9.0,7.0,1.0,,,,,,,,,,,1.16,,,,3.78,,,,
2017-03-01T00:00:00,GHCND:USC00048351,0.0,0.0,8.0,7.0,1.0,,,0.0,1.0,0.0,16.0,0.0,32.0,,,1.07,79.0,2208.0,271.0,3.43,,56.0,68.8,43.1
2017-04-01T00:00:00,GHCND:US1CASN0084,,,13.0,7.0,1.0,,,,,,,,,,,1.27,,,,3.46,,,,
2017-04-01T00:00:00,GHCND:US1CASN0136,,,9.0,4.0,0.0,,,,,,,,,,,0.19,,,,0.82,,,,
2017-04-01T00:00:00,GHCND:USC00048351,0.0,0.0,12.0,6.0,0.0,,,0.0,0.0,0.0,11.0,0.0,35.0,,,0.98,82.0,2440.0,232.0,2.11,,56.7,68.5,45.0
2017-05-01T00:00:00,GHCND:US1CASN0084,,,0.0,0.0,0.0,,0.0,,,,,,,,0.0,0.0,,,,0.0,0.0,,,
2017-05-01T00:00:00,GHCND:US1CASN0136,,,0.0,0.0,0.0,,,,,,,,,,,0.0,,,,0.0,,,,
2017-05-01T00:00:00,GHCND:USC00048351,53.0,53.0,0.0,0.0,0.0,,,0.0,0.0,0.0,23.0,3.0,41.0,,,0.0,91.0,2538.0,98.0,0.0,,63.6,78.4,48.8
2017-06-01T00:00:00,GHCND:US1CASN0084,,,3.0,2.0,0.0,,0.0,,,,,,,,0.0,0.13,,,,0.3,0.0,,,
2017-06-01T00:00:00,GHCND:US1CASN0136,,,2.0,1.0,0.0,,,,,,,,,,,0.26,,,,0.35,,,,
2017-06-01T00:00:00,GHCND:USC00048351,201.0,148.0,3.0,3.0,0.0,,,0.0,0.0,0.0,28.0,8.0,45.0,,,0.75,103.0,2564.0,26.0,1.15,,69.1,84.3,53.8
2017-07-01T00:00:00,GHCND:US1CASN0136,,,0.0,0.0,0.0,,,,,,,,,,,0.0,,,,0.0,,,,
2017-07-01T00:00:00,GHCND:USC00048351,371.0,169.0,0.0,0.0,0.0,,,0.0,0.0,0.0,31.0,7.0,50.0,,,0.0,104.0,4.0,4.0,0.0,,70.4,86.8,54.1
2017-08-01T00:00:00,GHCND:US1CASN0084,,,0.0,0.0,0.0,,0.0,,,,,,,,0.0,0.0,,,,0.0,0.0,,,
2017-08-01T00:00:00,GHCND:US1CASN0136,,,0.0,0.0,0.0,,,,,,,,,,,0.0,,,,0.0,,,,
2017-08-01T00:00:00,GHCND:USC00048351,571.0,201.0,0.0,0.0,0.0,,,0.0,0.0,0.0,31.0,10.0,50.0,,,0.0,101.0,4.0,0.0,0.0,,71.5,86.7,56.3
2017-09-01T00:00:00,GHCND:US1CASN0136,,,2.0,0.0,0.0,,,,,,,,,,,0.01,,,,0.02,,,,
2017-10-01T00:00:00,GHCND:US1CASN0084,,,1.0,1.0,0.0,,,,,,,,,,,0.33,,,,0.33,,,,
2017-10-01T00:00:00,GHCND:US1CASN0136,,,1.0,1.0,0.0,,,,,,,,,,,0.3,,,,0.3,,,,
2017-11-01T00:00:00,GHCND:US1CASN0084,,,12.0,10.0,1.0,,,,,,,,,,,1.37,,,,3.59,,,,
2017-11-01T00:00:00,GHCND:US1CASN0136,,,8.0,7.0,1.0,,,,,,,,,,,1.23,,,,3.35,,,,
2017-12-01T00:00:00,GHCND:US1CASN0084,,,2.0,0.0,0.0,,0.0,,,,,,,,0.0,0.04,,,,0.05,0.0,,,
2018-01-01T00:00:00,GHCND:US1CASN0084,,,13.0,9.0,2.0,,,,,,,,,,,2.21,,,,5.56,,,,
2018-01-01T00:00:00,GHCND:US1CASN0136,,,11.0,8.0,3.0,,,,,,,,,,,1.62,,,,5.49,,,,
2018-02-01T00:00:00,GHCND:US1CASN0084,,,3.0,1.0,0.0,,0.0,,,,,,,,0.0,0.13,,,,0.18,0.0,,,
2018-02-01T00:00:00,GHCND:US1CASN0136,,,3.0,1.0,0.0,,,,,,,,,,,0.22,,,,0.3,,,,
2018-03-01T00:00:00,GHCND:US1CASN0084,,,17.0,11.0,2.0,,,,,,,,,,,1.27,,,,6.0,,,,
